CREATE DATABASE  IF NOT EXISTS `preconsultationdb` /*!40100 DEFAULT CHARACTER SET utf8mb4 COLLATE utf8mb4_unicode_ci */ /*!80016 DEFAULT ENCRYPTION='N' */;
USE `preconsultationdb`;
-- MySQL dump 10.13  Distrib 8.0.44, for Win64 (x86_64)
--
-- Host: localhost    Database: preconsultationdb
-- ------------------------------------------------------
-- Server version	8.0.44

/*!40101 SET @OLD_CHARACTER_SET_CLIENT=@@CHARACTER_SET_CLIENT */;
/*!40101 SET @OLD_CHARACTER_SET_RESULTS=@@CHARACTER_SET_RESULTS */;
/*!40101 SET @OLD_COLLATION_CONNECTION=@@COLLATION_CONNECTION */;
/*!50503 SET NAMES utf8 */;
/*!40103 SET @OLD_TIME_ZONE=@@TIME_ZONE */;
/*!40103 SET TIME_ZONE='+00:00' */;
/*!40014 SET @OLD_UNIQUE_CHECKS=@@UNIQUE_CHECKS, UNIQUE_CHECKS=0 */;
/*!40014 SET @OLD_FOREIGN_KEY_CHECKS=@@FOREIGN_KEY_CHECKS, FOREIGN_KEY_CHECKS=0 */;
/*!40101 SET @OLD_SQL_MODE=@@SQL_MODE, SQL_MODE='NO_AUTO_VALUE_ON_ZERO' */;
/*!40111 SET @OLD_SQL_NOTES=@@SQL_NOTES, SQL_NOTES=0 */;

--
-- Table structure for table `appointments`
--

DROP TABLE IF EXISTS `appointments`;
/*!40101 SET @saved_cs_client     = @@character_set_client */;
/*!50503 SET character_set_client = utf8mb4 */;
CREATE TABLE `appointments` (
  `id` int NOT NULL AUTO_INCREMENT,
  `doctor_id` int NOT NULL,
  `user_id` int DEFAULT NULL,
  `appointment_date` datetime NOT NULL,
  `access_code` char(8) COLLATE utf8mb4_unicode_ci NOT NULL,
  `code_used_at` datetime DEFAULT NULL,
  `status` enum('scheduled','in_progress','completed','cancelled') COLLATE utf8mb4_unicode_ci DEFAULT NULL,
  `created_at` datetime DEFAULT CURRENT_TIMESTAMP,
  PRIMARY KEY (`id`),
  UNIQUE KEY `access_code` (`access_code`),
  KEY `idx_doctor_id` (`doctor_id`),
  KEY `idx_user_id` (`user_id`),
  KEY `idx_access_code` (`access_code`),
  CONSTRAINT `fk_appointments_doctor` FOREIGN KEY (`doctor_id`) REFERENCES `doctors` (`id`) ON DELETE CASCADE,
  CONSTRAINT `fk_appointments_user` FOREIGN KEY (`user_id`) REFERENCES `users` (`id`) ON DELETE SET NULL
) ENGINE=InnoDB AUTO_INCREMENT=71 DEFAULT CHARSET=utf8mb4 COLLATE=utf8mb4_unicode_ci;
/*!40101 SET character_set_client = @saved_cs_client */;

--
-- Dumping data for table `appointments`
--

LOCK TABLES `appointments` WRITE;
/*!40000 ALTER TABLE `appointments` DISABLE KEYS */;
INSERT INTO `appointments` VALUES (1,10,NULL,'2025-12-30 22:48:53','74777309',NULL,'scheduled','2025-12-30 22:50:10'),(2,10,NULL,'2025-12-30 22:48:53','92564863',NULL,'scheduled','2025-12-30 22:50:19'),(3,10,NULL,'2025-12-30 22:48:53','06968010',NULL,'scheduled','2025-12-30 22:50:23'),(4,10,NULL,'2026-12-30 23:00:20','31060102',NULL,'scheduled','2025-12-30 23:01:02'),(5,11,NULL,'2025-12-31 14:12:14','58164397',NULL,'scheduled','2025-12-31 14:12:18'),(6,10,NULL,'2025-12-31 16:15:30','38484604',NULL,'scheduled','2025-12-31 16:15:34'),(7,10,NULL,'2025-12-31 22:09:23','33338477',NULL,'completed','2025-12-31 22:09:42'),(8,10,NULL,'2025-12-31 22:09:23','80155604',NULL,'completed','2025-12-31 22:22:08'),(9,10,NULL,'2025-12-31 22:09:23','93961249',NULL,'completed','2025-12-31 22:24:57'),(10,10,NULL,'2025-12-31 22:09:23','62775145',NULL,'completed','2025-12-31 22:26:23'),(11,10,NULL,'2025-12-31 22:09:23','32376189',NULL,'completed','2025-12-31 23:24:54'),(12,10,NULL,'2025-12-31 23:32:04','23627924',NULL,'completed','2025-12-31 23:32:06'),(13,10,NULL,'2025-12-31 23:39:52','86066211',NULL,'completed','2025-12-31 23:39:53'),(14,12,NULL,'2026-01-01 16:02:05','76002791',NULL,'completed','2026-01-01 16:02:07'),(15,13,NULL,'2026-01-02 15:18:03','17914596',NULL,'completed','2026-01-02 15:18:14'),(16,13,NULL,'2026-01-02 15:22:46','09558245',NULL,'completed','2026-01-02 15:22:48'),(17,14,NULL,'2026-01-02 16:27:51','45743308',NULL,'completed','2026-01-02 16:28:02'),(18,1,NULL,'2026-01-02 16:55:29','93003551',NULL,'completed','2026-01-02 16:55:47'),(19,1,NULL,'2026-01-02 17:31:35','88887530',NULL,'completed','2026-01-02 17:31:37'),(20,1,NULL,'2026-01-02 20:23:40','97936024',NULL,'scheduled','2026-01-02 20:23:41'),(21,1,NULL,'2026-01-02 20:34:43','94475437',NULL,'scheduled','2026-01-02 20:34:45'),(22,1,NULL,'2026-01-02 20:38:15','23041490',NULL,'completed','2026-01-02 20:38:17'),(23,1,NULL,'2026-01-02 20:38:15','02351284',NULL,'completed','2026-01-02 20:42:17'),(24,1,NULL,'2026-01-02 20:38:15','77113955',NULL,'completed','2026-01-02 21:08:30'),(25,15,NULL,'2026-01-31 14:43:13','53772123',NULL,'scheduled','2026-01-31 14:43:49'),(26,15,NULL,'2026-01-31 14:43:13','44347194',NULL,'completed','2026-01-31 14:45:40'),(27,16,NULL,'2026-01-31 14:54:17','09886190',NULL,'completed','2026-01-31 14:54:39'),(28,16,NULL,'2026-01-31 14:54:17','00637654',NULL,'completed','2026-01-31 15:03:18'),(29,16,NULL,'2026-01-31 14:54:17','53740738',NULL,'completed','2026-01-31 15:08:35'),(30,16,NULL,'2026-01-31 14:54:17','39348022',NULL,'completed','2026-01-31 15:10:04'),(31,17,NULL,'2026-01-31 22:13:26','83672073',NULL,'completed','2026-01-31 22:13:27'),(32,17,NULL,'2026-01-31 22:13:26','53775473',NULL,'completed','2026-01-31 22:28:53'),(33,17,NULL,'2026-01-31 22:13:26','51360932',NULL,'scheduled','2026-01-31 22:34:48'),(34,17,NULL,'2026-01-31 22:13:26','10388417',NULL,'completed','2026-01-31 22:35:26'),(35,17,NULL,'2026-01-31 22:13:26','21766526',NULL,'completed','2026-01-31 22:41:10'),(36,17,NULL,'2026-01-31 22:13:26','22140888',NULL,'scheduled','2026-01-31 23:00:21'),(37,17,NULL,'2026-01-31 22:13:26','90341826',NULL,'completed','2026-01-31 23:00:23'),(38,17,NULL,'2026-01-31 22:13:26','92354722',NULL,'scheduled','2026-01-31 23:15:30'),(39,17,NULL,'2026-01-31 22:13:26','04464712',NULL,'completed','2026-01-31 23:15:32'),(40,17,NULL,'2026-01-31 22:13:26','78950856',NULL,'completed','2026-01-31 23:21:35'),(41,17,NULL,'2026-01-31 22:13:26','51037304',NULL,'scheduled','2026-01-31 23:29:04'),(42,17,NULL,'2026-01-31 22:13:26','69712104',NULL,'completed','2026-01-31 23:29:05'),(43,17,NULL,'2026-01-31 22:13:26','45317778',NULL,'completed','2026-01-31 23:38:26'),(44,17,NULL,'2026-01-31 22:13:26','09746573',NULL,'scheduled','2026-01-31 23:44:12'),(45,17,NULL,'2026-01-31 22:13:26','68190312',NULL,'scheduled','2026-01-31 23:44:20'),(46,17,NULL,'2026-01-31 22:13:26','91669110',NULL,'completed','2026-01-31 23:44:23'),(47,1,NULL,'2026-02-02 12:08:08','77391197',NULL,'completed','2026-02-02 12:08:10'),(48,1,NULL,'2026-02-03 22:55:17','24794203',NULL,'completed','2026-02-03 22:55:19'),(49,1,NULL,'2026-02-03 22:55:17','99505922',NULL,'completed','2026-02-04 00:37:09'),(50,18,NULL,'2026-02-19 13:46:11','07180456',NULL,'scheduled','2026-02-19 13:46:12'),(51,18,NULL,'2026-02-19 14:05:20','50704616',NULL,'completed','2026-02-19 14:05:21'),(52,18,NULL,'2026-02-19 14:05:20','33151651',NULL,'in_progress','2026-02-19 15:03:52'),(53,18,NULL,'2026-02-19 14:05:20','30700594',NULL,'in_progress','2026-02-19 15:19:58'),(54,18,NULL,'2026-02-19 14:05:20','76857960',NULL,'completed','2026-02-19 15:36:22'),(55,18,NULL,'2026-02-19 14:05:20','86406225',NULL,'completed','2026-02-19 15:58:30'),(56,1,NULL,'2026-02-23 16:58:39','23890051',NULL,'completed','2026-02-23 16:58:40'),(57,1,NULL,'2026-03-12 10:00:20','82484212',NULL,'completed','2026-03-12 10:00:23'),(58,1,NULL,'2026-03-12 10:00:20','90466318',NULL,'completed','2026-03-12 10:35:41'),(59,1,NULL,'2026-03-24 09:46:22','12925360',NULL,'completed','2026-03-24 09:46:37'),(60,1,NULL,'2026-03-24 09:46:22','76927695',NULL,'completed','2026-03-24 11:05:24'),(61,1,NULL,'2026-03-24 09:46:22','41375122',NULL,'completed','2026-03-24 11:14:45'),(62,1,NULL,'2026-03-24 09:46:22','10189551',NULL,'completed','2026-03-24 11:22:36'),(63,1,NULL,'2026-03-24 09:46:22','16962978',NULL,'completed','2026-03-24 11:32:43'),(64,1,NULL,'2026-04-08 08:50:35','57187218',NULL,'completed','2026-04-08 09:50:37'),(65,1,NULL,'2026-04-12 14:27:03','18810935',NULL,'completed','2026-04-12 15:27:05'),(66,1,NULL,'2026-04-24 12:00:20','51972967',NULL,'completed','2026-04-24 13:00:22'),(67,1,NULL,'2026-04-24 12:00:20','02028393',NULL,'completed','2026-04-24 13:13:52'),(68,1,NULL,'2026-04-24 12:00:20','00373343',NULL,'completed','2026-04-24 13:17:35'),(69,1,NULL,'2026-04-30 13:31:26','30925267',NULL,'completed','2026-04-30 14:31:28'),(70,1,NULL,'2026-04-30 13:31:26','49955534',NULL,'completed','2026-04-30 18:09:34');
/*!40000 ALTER TABLE `appointments` ENABLE KEYS */;
UNLOCK TABLES;

--
-- Table structure for table `doctors`
--

DROP TABLE IF EXISTS `doctors`;
/*!40101 SET @saved_cs_client     = @@character_set_client */;
/*!50503 SET character_set_client = utf8mb4 */;
CREATE TABLE `doctors` (
  `id` int NOT NULL AUTO_INCREMENT,
  `full_name` varchar(100) COLLATE utf8mb4_unicode_ci NOT NULL,
  `email` varchar(100) COLLATE utf8mb4_unicode_ci NOT NULL,
  `password_hash` varchar(255) COLLATE utf8mb4_unicode_ci NOT NULL,
  `created_at` datetime DEFAULT CURRENT_TIMESTAMP,
  PRIMARY KEY (`id`),
  UNIQUE KEY `email` (`email`)
) ENGINE=InnoDB AUTO_INCREMENT=19 DEFAULT CHARSET=utf8mb4 COLLATE=utf8mb4_unicode_ci;
/*!40101 SET character_set_client = @saved_cs_client */;

--
-- Dumping data for table `doctors`
--

LOCK TABLES `doctors` WRITE;
/*!40000 ALTER TABLE `doctors` DISABLE KEYS */;
INSERT INTO `doctors` VALUES (1,'string','user@example.com','$argon2id$v=19$m=65536,t=3,p=4$zFmrdc7Z29u7997733vvnQ$RYJcgqyvG7dte68zSEqzXmK1sk54ppsDNyJgCU7Abe4','2025-12-30 19:16:09'),(2,'string','user@exmple.com','$argon2id$v=19$m=65536,t=3,p=4$6D1H6D1HSEnJee/9H8P4Hw$1TwND6jl263xEGgAsoJ80js9grrg/chzVYvN4e7zKjA','2025-12-30 19:20:20'),(3,'string','user@exmle.com','$argon2id$v=19$m=65536,t=3,p=4$AuBcizGm1BojRIhRKiVkLA$TQJx7C2dJZfO8r6uJHG5WCB66rxYMXnVuOkocAXZtJk','2025-12-30 19:21:56'),(4,'sting','user@gmail.com','$argon2id$v=19$m=65536,t=3,p=4$kVLq/V8LYcxZq5VSSuldKw$YJzkt9gLMqDGPo3/WGRBLNeocOUJqxI+OSy1PYD1JiM','2025-12-30 19:22:48'),(5,'sting','use@gmail.com','$argon2id$v=19$m=65536,t=3,p=4$mJPynlOK8b73fq+VkjLGmA$L3E1bUN0LDs3Tc+cYptjl23AahwX9njeEKLw4Ab1048','2025-12-30 19:27:16'),(6,'sing','ue@gmail.com','$argon2id$v=19$m=65536,t=3,p=4$rLVWaq0VQgiBsPY+J6S0Fg$XEvKyGcZFf4yYbDtp+Bbb7gV2OxAb8GHjnuFw6o21bg','2025-12-30 19:28:37'),(7,'sing','u@gmail.com','$argon2id$v=19$m=65536,t=3,p=4$K6WUEiLEOCek1BrDOAfg3A$bu76DpVrwU8TgAjfNHslioQ4+yG2jlJX7lxh1QFUHQI','2025-12-30 19:38:17'),(8,'sing','u@mail.com','$argon2id$v=19$m=65536,t=3,p=4$E4IQQuidEyIEQMh5T+ldaw$/Rw+TEI8QsTKR6VEa33m+ZM8lszJIXcqq7QsnpaPcC8','2025-12-30 19:41:13'),(9,'sing','u@ail.com','$argon2id$v=19$m=65536,t=3,p=4$ESKEUKr1XotxrlUq5bz3ng$QwZ9+zocXAhvVsMmThjS390Abqjk0iJ6sfa95/D5WOA','2025-12-30 19:42:05'),(10,'samuel','cap@example.com','$argon2id$v=19$m=65536,t=3,p=4$DSHknNMa49ybM6YU4lxrLQ$qxFsMTVQf35oPdrdVOU8ZhFlmnL8op3RTiNukhZgR6g','2025-12-30 22:13:16'),(11,'string','r@example.com','$argon2id$v=19$m=65536,t=3,p=4$VArBWMt5T8mZ8x7jXGsN4Q$Wx2j2OTVNq40YVSxspSfvpmichD7hlzQJGDFb7j8unc','2025-12-31 14:11:32'),(12,'string','emm@exe.com','$argon2id$v=19$m=65536,t=3,p=4$m1MKAWAspRTivJfy/h9DyA$DTa/4Qg8TEbCHZEBmRRyw7BjO46YaCPbrR6cxcM+Xzc','2026-01-01 16:01:34'),(13,'g','user@d.com','$argon2id$v=19$m=65536,t=3,p=4$6X1P6Z3T+v9fq9XaW2tN6Q$I7wymNYFaOtZ2UXRBXJ6xfNShj/t6JuTzS6MMjplhmA','2026-01-02 15:17:43'),(14,'string','user@e.com','$argon2id$v=19$m=65536,t=3,p=4$vpeS0pqz1hoj5Nxba41Rqg$LpuGt/+7q+X+zUnqhsWWJPm8zWxldazwO9FBcA2wjK8','2026-01-02 16:27:22'),(15,'sammyloko','m@example.com','$argon2id$v=19$m=65536,t=3,p=4$bs3ZG8PY+58TopTSeg/BuA$9iyF6TZvwTlIRja6elnuybclnttttUrn86RoDbcnjbM','2026-01-31 14:42:06'),(16,'string','w@e.com','$argon2id$v=19$m=65536,t=3,p=4$tfZ+752Tcm6t1fo/B6AUgg$frEihaKuZtizRzffMolQz5fyQ06GlXloBb3SRfsYCao','2026-01-31 14:53:56'),(17,'string','er@example.com','$argon2id$v=19$m=65536,t=3,p=4$1VqLMYZQKqUUAiDkXKt17g$h8qOy2Q9oNNlSKqiSUc4kE4w6Zv2ID8k7h4tJbJXMpQ','2026-01-31 22:13:03'),(18,'string','user@exam.com','$argon2id$v=19$m=65536,t=3,p=4$3TuH0LoXAmCMsTbmPKcUAg$JoePf8GHYSP802t+naIeIRX/wPex/1AS7ULAdL97jJg','2026-02-19 13:45:17');
/*!40000 ALTER TABLE `doctors` ENABLE KEYS */;
UNLOCK TABLES;

--
-- Table structure for table `messages`
--

DROP TABLE IF EXISTS `messages`;
/*!40101 SET @saved_cs_client     = @@character_set_client */;
/*!50503 SET character_set_client = utf8mb4 */;
CREATE TABLE `messages` (
  `id` bigint NOT NULL AUTO_INCREMENT,
  `session_id` int NOT NULL,
  `sender` enum('user','ai') COLLATE utf8mb4_unicode_ci NOT NULL,
  `content` text COLLATE utf8mb4_unicode_ci NOT NULL,
  `created_at` datetime DEFAULT CURRENT_TIMESTAMP,
  PRIMARY KEY (`id`),
  KEY `idx_session_id` (`session_id`),
  KEY `idx_sender` (`sender`),
  CONSTRAINT `fk_messages_session` FOREIGN KEY (`session_id`) REFERENCES `sessions` (`id`) ON DELETE CASCADE
) ENGINE=InnoDB AUTO_INCREMENT=1192 DEFAULT CHARSET=utf8mb4 COLLATE=utf8mb4_unicode_ci;
/*!40101 SET character_set_client = @saved_cs_client */;

--
-- Dumping data for table `messages`
--

LOCK TABLES `messages` WRITE;
/*!40000 ALTER TABLE `messages` DISABLE KEYS */;
INSERT INTO `messages` VALUES (1,4,'user','string','2025-12-31 22:45:45'),(2,4,'user','hi','2025-12-31 22:46:36'),(3,4,'user','hi','2025-12-31 22:50:14'),(4,4,'user','hi','2025-12-31 22:50:29'),(5,4,'ai','Hello, how can I assist you today?','2025-12-31 22:50:30'),(6,4,'user','i have a headache and its being three days now','2025-12-31 22:50:59'),(7,4,'ai','I\'m here to help you. Can you tell me more about the headache?','2025-12-31 22:50:59'),(8,4,'user','its a headache','2025-12-31 22:51:23'),(9,4,'ai','Can you describe the headache in more detail?','2025-12-31 22:51:24'),(10,4,'user','just a headache','2025-12-31 22:51:40'),(11,4,'ai','Can you provide more information about your headache?','2025-12-31 22:51:40'),(12,4,'user','its heavy','2025-12-31 22:51:54'),(13,4,'ai','Can you tell me more about the heaviness of your headache?','2025-12-31 22:51:54'),(14,3,'user','hi','2025-12-31 22:54:35'),(15,3,'ai','Hello, how can I assist you today?','2025-12-31 22:54:36'),(16,3,'user','i have a headache','2025-12-31 22:54:48'),(17,3,'ai','Can you tell me more about your headache?','2025-12-31 22:54:49'),(18,3,'user','i have a headache','2025-12-31 22:55:00'),(19,3,'ai','Can you describe your headache in more detail?','2025-12-31 22:55:01'),(20,3,'user','i have a headache','2025-12-31 22:55:04'),(21,3,'ai','Can you tell me more about your headache?','2025-12-31 22:55:04'),(22,3,'user','i have a headache','2025-12-31 22:55:07'),(23,3,'ai','I\'d like to help you with your headache. Can you please tell me how long you\'ve been experiencing it?','2025-12-31 22:55:07'),(24,3,'user','2 days','2025-12-31 22:55:20'),(25,3,'ai','How long have you been experiencing the headache?','2025-12-31 22:55:21'),(26,3,'user','2 days','2025-12-31 22:55:26'),(27,3,'ai','Sorry, I couldn\'t understand that clearly. Could you clarify?','2025-12-31 22:55:26'),(28,3,'user','3 days','2025-12-31 22:55:32'),(29,3,'ai','How long have you been experiencing the headache?','2025-12-31 22:55:33'),(30,3,'user','4 days','2025-12-31 22:55:40'),(31,3,'ai','How long have you been experiencing the headache?','2025-12-31 22:55:40'),(32,3,'user','4days','2025-12-31 22:55:47'),(33,3,'ai','How long have you been experiencing the headache?','2025-12-31 22:55:48'),(34,3,'user','5days','2025-12-31 22:55:58'),(35,3,'ai','Thank you for the information','2025-12-31 22:55:59'),(36,3,'user','5days','2025-12-31 22:56:03'),(37,3,'ai','Please confirm the duration of your headache.','2025-12-31 22:56:04'),(38,3,'user','5days','2025-12-31 22:56:13'),(39,3,'ai','How severe is your headache?','2025-12-31 22:56:14'),(40,3,'user','mild','2025-12-31 22:56:23'),(41,3,'ai','Thank you for the information','2025-12-31 22:56:24'),(42,3,'user','mild','2025-12-31 22:56:28'),(43,3,'ai','Sorry, I couldn\'t understand that clearly. Could you clarify?','2025-12-31 22:56:29'),(44,3,'user','mild','2025-12-31 22:56:31'),(45,3,'ai','Sorry, I couldn\'t understand that clearly. Could you clarify?','2025-12-31 22:56:32'),(46,3,'user','mild','2025-12-31 22:56:34'),(47,3,'ai','How often do you experience the headache?','2025-12-31 22:56:35'),(48,3,'user','thrice daily','2025-12-31 22:56:49'),(49,3,'ai','Thank you for the information','2025-12-31 22:56:50'),(50,3,'user','i want a dog','2025-12-31 22:57:02'),(51,3,'ai','I\'m here to help with health-related questions.','2025-12-31 22:57:03'),(52,3,'user','i have a pain in my back','2025-12-31 22:57:25'),(53,3,'ai','Can you tell me more about the pain in your back?','2025-12-31 22:57:26'),(54,3,'user','it hurts','2025-12-31 22:57:37'),(55,3,'ai','Can you describe the pain in more detail?','2025-12-31 22:57:38'),(56,3,'user','no','2025-12-31 22:57:44'),(57,3,'ai','I\'d like to help you with your back pain, but I need more information. Can you please describe the pain in more detail?','2025-12-31 22:57:45'),(58,3,'user','its just a pain in my back ','2025-12-31 22:58:06'),(59,3,'ai','Can you tell me more about the pain in your back?','2025-12-31 22:58:07'),(60,3,'user','dont u have other fields to fill? ','2025-12-31 22:58:23'),(61,3,'ai','I\'m trying to gather more information about your back pain.','2025-12-31 22:58:24'),(62,2,'user','i have a headache ','2025-12-31 23:03:02'),(63,2,'ai','I\'d like to help you with your headache.','2025-12-31 23:03:03'),(64,2,'user','ok','2025-12-31 23:03:15'),(65,2,'ai','How long have you been experiencing the headache?','2025-12-31 23:03:16'),(66,2,'user','2days','2025-12-31 23:03:31'),(67,2,'ai','','2025-12-31 23:03:31'),(68,2,'user','ook','2025-12-31 23:03:41'),(69,2,'ai','','2025-12-31 23:03:42'),(70,2,'user','hi','2025-12-31 23:04:20'),(71,2,'ai','Please provide more information about your headache.','2025-12-31 23:04:21'),(72,2,'user','i have a headache','2025-12-31 23:04:37'),(73,2,'ai','','2025-12-31 23:04:38'),(74,2,'user','i have a headache','2025-12-31 23:07:29'),(75,2,'ai','Please provide more information about your headache.','2025-12-31 23:07:30'),(76,2,'user','ask question','2025-12-31 23:07:44'),(77,2,'ai','I\'m not sure what you\'re asking about.','2025-12-31 23:07:45'),(78,5,'user','hi','2025-12-31 23:25:41'),(79,5,'ai','Sorry, I couldn\'t understand that clearly. Could you clarify?','2025-12-31 23:25:42'),(80,5,'user','i have a headache','2025-12-31 23:25:58'),(81,5,'ai','Sorry, I couldn\'t understand that clearly. Could you clarify?','2025-12-31 23:25:59'),(82,5,'user','i have a headache','2025-12-31 23:26:02'),(83,5,'ai','Sorry, I couldn\'t understand that clearly. Could you clarify?','2025-12-31 23:26:03'),(84,4,'user','i have a headache','2025-12-31 23:26:08'),(85,4,'ai','Sorry, I couldn\'t understand that clearly. Could you clarify?','2025-12-31 23:26:09'),(86,5,'user','hi','2025-12-31 23:26:23'),(87,5,'ai','Sorry, I couldn\'t understand that clearly. Could you clarify?','2025-12-31 23:26:24'),(88,5,'user','i have a headache','2025-12-31 23:31:27'),(89,5,'ai','Sorry, I couldn\'t understand that clearly. Could you clarify?','2025-12-31 23:31:28'),(90,6,'user','hi','2025-12-31 23:33:05'),(91,6,'ai','Sorry, I couldn\'t understand that clearly. Could you clarify?','2025-12-31 23:33:06'),(92,6,'user','i have a headache','2025-12-31 23:33:21'),(93,6,'ai','Sorry, I couldn\'t understand that clearly. Could you clarify?','2025-12-31 23:33:22'),(94,4,'user','hi','2025-12-31 23:40:18'),(95,4,'ai','What symptom are you experiencing?','2025-12-31 23:40:19'),(96,4,'user','headache','2025-12-31 23:40:31'),(97,4,'ai','How severe is the headache (mild, moderate, severe, or 1–10)?','2025-12-31 23:40:32'),(98,4,'user','mild','2025-12-31 23:40:45'),(99,4,'ai','How long have you had this headache?','2025-12-31 23:40:46'),(100,4,'user','3 weeks','2025-12-31 23:40:59'),(101,4,'ai','How often does the headache occur?','2025-12-31 23:41:00'),(102,4,'user','multiple times dayily','2025-12-31 23:41:15'),(103,4,'ai','Is there anything else you\'d like to add to your description?','2025-12-31 23:41:16'),(104,4,'user','no id like to do another symptom','2025-12-31 23:41:41'),(105,4,'ai','What other symptom are you experiencing?','2025-12-31 23:41:42'),(106,4,'user','coughing','2025-12-31 23:41:54'),(107,4,'ai','Sorry, I couldn\'t understand that clearly. Could you clarify?','2025-12-31 23:41:55'),(108,4,'user','cough','2025-12-31 23:42:02'),(109,4,'ai','Sorry, I couldn\'t understand that clearly. Could you clarify?','2025-12-31 23:42:03'),(110,4,'user','what symptom did u get','2025-12-31 23:42:15'),(111,4,'ai','What symptom are you experiencing?','2025-12-31 23:42:16'),(112,4,'user','headache','2025-12-31 23:42:29'),(113,4,'ai','Sorry, I couldn\'t understand that clearly. Could you clarify?','2025-12-31 23:42:29'),(114,7,'user','headache','2025-12-31 23:45:27'),(115,7,'ai','How severe is the headache (mild, moderate, severe, or 1–10)?','2025-12-31 23:45:28'),(116,8,'user','string','2026-01-01 16:02:44'),(117,8,'ai','What symptom are you experiencing?','2026-01-01 16:02:46'),(118,8,'user','constant urinating','2026-01-01 16:03:02'),(119,8,'ai','How severe is the constant urinating (mild, moderate, severe, or 1–10)?','2026-01-01 16:03:03'),(120,8,'user','6','2026-01-01 16:03:15'),(121,8,'ai','How long have you had this symptom?','2026-01-01 16:03:15'),(122,8,'user','3days','2026-01-01 16:03:29'),(123,8,'ai','How often do you experience constant urinating?','2026-01-01 16:03:30'),(124,8,'user',' i have urinated like 5 times within the past hour','2026-01-01 16:03:56'),(125,8,'ai','','2026-01-01 16:03:56'),(126,9,'user','string','2026-01-02 15:19:13'),(127,9,'ai','What symptom are you experiencing?','2026-01-02 15:19:15'),(128,9,'user','g','2026-01-02 15:19:27'),(129,9,'ai','What symptom are you experiencing?','2026-01-02 15:19:28'),(130,9,'user','cough','2026-01-02 15:19:36'),(131,9,'ai','How severe is the cough (mild, moderate, severe, or 1–10)?','2026-01-02 15:19:37'),(132,11,'user','hi','2026-01-02 16:28:44'),(133,11,'ai','What seems to be the issue?','2026-01-02 16:28:45'),(134,11,'user','what','2026-01-02 16:28:57'),(135,11,'ai','Could you please describe your symptoms?','2026-01-02 16:28:58'),(136,11,'user','i have a headache and its been three days now','2026-01-02 16:29:21'),(137,11,'ai','How severe is the headache?','2026-01-02 16:29:22'),(138,11,'user','5','2026-01-02 16:30:02'),(139,11,'ai','How often do you experience the headache?','2026-01-02 16:30:03'),(140,11,'user','like every three hours','2026-01-02 16:30:19'),(141,11,'ai','Do you have any other symptoms?','2026-01-02 16:30:20'),(142,11,'user','yes','2026-01-02 16:30:29'),(143,11,'ai','What is the new symptom?','2026-01-02 16:30:30'),(144,11,'user','cough','2026-01-02 16:30:39'),(145,11,'ai','What is your cough like?','2026-01-02 16:30:40'),(146,11,'user','very heavy','2026-01-02 16:30:50'),(147,11,'ai','How long have you been coughing?','2026-01-02 16:30:51'),(148,11,'user','three dyas now','2026-01-02 16:31:04'),(149,11,'ai','How often do you cough?','2026-01-02 16:31:05'),(150,11,'user','same as the headache','2026-01-02 16:31:25'),(151,11,'ai','Do you have any other symptoms?','2026-01-02 16:31:26'),(152,11,'user','yes','2026-01-02 16:31:39'),(153,11,'ai','Sorry, I couldn\'t understand that clearly. Could you clarify?','2026-01-02 16:31:40'),(154,11,'user','no','2026-01-02 16:31:50'),(155,11,'ai','Let\'s summarize your symptoms.','2026-01-02 16:31:51'),(156,11,'user','yes','2026-01-02 16:31:59'),(157,11,'ai','Let\'s summarize your symptoms.','2026-01-02 16:32:00'),(158,11,'user','hi','2026-01-02 16:32:08'),(159,11,'ai','What seems to be the issue?','2026-01-02 16:32:09'),(160,11,'user','show me my current symptoms ','2026-01-02 16:32:27'),(161,11,'ai','Here are your current symptoms:','2026-01-02 16:32:28'),(162,11,'user','i want to add one more','2026-01-02 16:32:42'),(163,11,'ai','What is the new symptom?','2026-01-02 16:32:43'),(164,11,'user','backpain','2026-01-02 16:32:58'),(165,11,'ai','Sorry, I couldn\'t understand that clearly. Could you clarify?','2026-01-02 16:32:59'),(166,11,'user','earpain and it hurts for 3dsays now','2026-01-02 16:33:49'),(167,11,'ai','Sorry, I couldn\'t understand that clearly. Could you clarify?','2026-01-02 16:33:51'),(168,11,'user','eshow me my symptoms','2026-01-02 16:34:03'),(169,11,'ai','','2026-01-02 16:34:04'),(170,11,'user','backpain has been for three days now','2026-01-02 16:34:27'),(171,11,'ai','Sorry, I couldn\'t understand that clearly. Could you clarify?','2026-01-02 16:34:27'),(172,11,'user','i want to add to the backpain symptom','2026-01-02 16:34:48'),(173,11,'ai','Sorry, I couldn\'t understand that clearly. Could you clarify?','2026-01-02 16:34:49'),(174,11,'user','show me my symptoms','2026-01-02 16:35:21'),(175,11,'user','show me my symptoms','2026-01-02 16:35:40'),(176,11,'user','show me symptoms','2026-01-02 16:35:53'),(177,11,'ai','','2026-01-02 16:35:54'),(178,11,'user','show me my symptoms','2026-01-02 16:36:20'),(179,11,'ai','Here are your symptoms:','2026-01-02 16:36:22'),(180,11,'user','earpain hurts like a scale on 5','2026-01-02 16:36:57'),(181,11,'ai','Sorry, I couldn\'t understand that clearly. Could you clarify?','2026-01-02 16:36:58'),(182,11,'user','show me my symptoms','2026-01-02 16:37:36'),(183,11,'user','show me my symptoms','2026-01-02 16:37:40'),(184,11,'ai','','2026-01-02 16:37:41'),(185,11,'user','45743308','2026-01-02 16:53:34'),(186,11,'ai','Sorry, I couldn\'t understand that clearly. Could you clarify?','2026-01-02 16:53:35'),(187,11,'user','what is your use?','2026-01-02 16:54:00'),(188,11,'ai','Sorry, I couldn\'t understand that clearly. Could you clarify?','2026-01-02 16:54:01'),(189,11,'user','show me my symptoms','2026-01-02 16:54:11'),(190,11,'ai','Sorry, I couldn\'t understand that clearly. Could you clarify?','2026-01-02 16:54:12'),(191,11,'user','i have headache','2026-01-02 16:54:24'),(192,11,'ai','Sorry, I couldn\'t understand that clearly. Could you clarify?','2026-01-02 16:54:25'),(193,12,'user','i have headache','2026-01-02 16:56:10'),(194,12,'ai','Sorry, I couldn\'t understand that clearly. Could you clarify?','2026-01-02 16:56:11'),(195,11,'user','hi','2026-01-02 16:56:45'),(196,11,'ai','Sorry, I couldn\'t understand that clearly. Could you clarify?','2026-01-02 16:56:46'),(197,12,'user','hi','2026-01-02 16:56:53'),(198,12,'ai','Sorry, I couldn\'t understand that clearly. Could you clarify?','2026-01-02 16:56:54'),(199,12,'user','hi','2026-01-02 17:09:32'),(200,12,'user','string','2026-01-02 17:11:48'),(201,12,'ai','Sorry, I couldn\'t understand that clearly. Could you clarify?','2026-01-02 17:11:49'),(202,12,'user','headache','2026-01-02 17:11:59'),(203,12,'ai','Sorry, I couldn\'t understand that clearly. Could you clarify?','2026-01-02 17:12:00'),(204,12,'user','headache','2026-01-02 17:13:35'),(205,12,'ai','Sorry, I couldn\'t understand that clearly. Could you clarify?','2026-01-02 17:13:36'),(206,12,'user','headache','2026-01-02 17:13:39'),(207,12,'ai','Sorry, I couldn\'t understand that clearly. Could you clarify?','2026-01-02 17:13:40'),(208,12,'user','headache','2026-01-02 17:20:01'),(209,12,'user','headache','2026-01-02 17:20:06'),(210,12,'user','headache','2026-01-02 17:30:58'),(211,13,'user','hi','2026-01-02 17:32:17'),(212,13,'user','hi','2026-01-02 17:33:48'),(213,13,'user','string','2026-01-02 17:40:09'),(214,13,'ai','Sorry, I couldn\'t understand that clearly. Could you clarify?','2026-01-02 17:40:10'),(215,13,'user','headache','2026-01-02 17:40:18'),(216,13,'ai','could you tell me more about that?','2026-01-02 17:40:19'),(217,13,'user','headache','2026-01-02 17:44:12'),(218,13,'ai','could you tell me more about that?','2026-01-02 17:44:14'),(219,13,'user','its ben for three days','2026-01-02 17:44:30'),(220,13,'ai','could you tell me more about that?','2026-01-02 17:44:31'),(221,13,'user','e days','2026-01-02 17:44:44'),(222,13,'ai','Sorry, I couldn\'t understand that clearly. Could you clarify?','2026-01-02 17:44:45'),(223,13,'user','3 days','2026-01-02 17:44:52'),(224,13,'ai','could you tell me more about that?','2026-01-02 17:44:53'),(225,13,'user','headache','2026-01-02 17:45:22'),(226,13,'ai','Sorry, I couldn\'t understand that clearly. Could you clarify?','2026-01-02 17:45:23'),(227,13,'user','cough','2026-01-02 17:45:31'),(228,13,'ai','could you tell me more about that?','2026-01-02 17:45:32'),(229,13,'user','3 days','2026-01-02 17:45:54'),(230,13,'ai','could you tell me more about that?','2026-01-02 17:45:55'),(231,13,'user','3 days','2026-01-02 17:47:38'),(232,13,'ai','could you tell me more about that?','2026-01-02 17:47:39'),(233,13,'user','3 days','2026-01-02 17:48:20'),(234,13,'ai','I\'m processing that information. Could you confirm the details?','2026-01-02 17:48:21'),(235,13,'user','the headache has been for three days','2026-01-02 17:48:45'),(236,13,'ai','I\'m processing that information. Could you confirm the details?','2026-01-02 17:48:46'),(237,13,'user','the cough has been for three days','2026-01-02 17:48:57'),(238,13,'ai','I\'m processing that information. Could you confirm the details?','2026-01-02 17:48:57'),(239,13,'user','the cough has been for three days','2026-01-02 17:51:19'),(240,13,'ai','How severe is the headache?','2026-01-02 17:51:21'),(241,13,'user','heavys','2026-01-02 17:51:34'),(242,13,'ai','How often does the headache happen?','2026-01-02 17:51:35'),(243,13,'user','about three times in 4 hours','2026-01-02 17:51:53'),(244,13,'ai','Do you have any other symptoms you want to mention?','2026-01-02 17:51:54'),(245,13,'user','the vough','2026-01-02 17:52:08'),(246,13,'ai','Sorry, I couldn\'t understand that clearly. Could you clarify?','2026-01-02 17:52:09'),(247,13,'user','the cough','2026-01-02 17:52:16'),(248,13,'ai','Sorry, I couldn\'t understand that clearly. Could you clarify?','2026-01-02 17:52:17'),(249,13,'user','the cough is heavy','2026-01-02 17:52:25'),(250,13,'ai','Do you have any other symptoms you want to mention?','2026-01-02 17:52:26'),(251,13,'user','back pain','2026-01-02 17:53:07'),(252,13,'ai','Do you have any other symptoms you want to mention?','2026-01-02 17:53:08'),(253,13,'user','ear pain','2026-01-02 17:53:20'),(254,13,'ai','Do you have any other symptoms you want to mention?','2026-01-02 17:53:21'),(255,13,'user','ear pain','2026-01-02 17:58:20'),(256,13,'ai','Sorry, I couldn\'t understand that clearly. Could you clarify?','2026-01-02 17:58:21'),(257,13,'user','leg pain','2026-01-02 17:58:33'),(258,13,'ai','How often does the cough happen?','2026-01-02 17:58:34'),(259,13,'user','the leg pain has been for three days','2026-01-02 17:59:53'),(260,13,'ai','How often does the cough happen?','2026-01-02 17:59:54'),(261,13,'user','the leg pain happens twice daily and has been for 5 days','2026-01-02 18:00:15'),(262,13,'ai','How often does the cough happen?','2026-01-02 18:00:16'),(263,13,'user','5 timess','2026-01-02 18:00:30'),(264,13,'ai','How often does the cough happen?','2026-01-02 18:00:31'),(265,13,'user','5 times daily','2026-01-02 18:00:40'),(266,13,'ai','How often does the back pain happen?','2026-01-02 18:00:41'),(267,13,'user','5 times daily','2026-01-02 18:01:16'),(268,13,'ai','Sorry, I couldn\'t understand that clearly. Could you clarify?','2026-01-02 18:01:18'),(269,13,'user','3 times daily','2026-01-02 18:01:33'),(270,13,'ai','Sorry, I couldn\'t understand that clearly. Could you clarify?','2026-01-02 18:01:34'),(271,13,'user','3 times daily','2026-01-02 18:01:51'),(272,13,'ai','Sorry, I couldn\'t understand that clearly. Could you clarify?','2026-01-02 18:01:52'),(273,13,'user','string','2026-01-02 18:02:09'),(274,13,'ai','How often does the ear pain happen?','2026-01-02 18:02:10'),(275,13,'user','twice daily','2026-01-02 18:02:23'),(276,13,'ai','Do you have any other symptoms you want to mention?','2026-01-02 18:02:24'),(277,13,'user','yes','2026-01-02 18:02:32'),(278,13,'ai','Do you have any other symptoms you want to mention?','2026-01-02 18:02:33'),(279,13,'user','yes','2026-01-02 18:02:47'),(280,13,'ai','Sorry, I couldn\'t understand that clearly. Could you clarify?','2026-01-02 18:02:48'),(281,13,'user','mouth pain','2026-01-02 18:03:35'),(282,13,'ai','Sorry, I couldn\'t understand that clearly. Could you clarify?','2026-01-02 18:03:36'),(283,15,'user','K','2026-01-02 21:06:42'),(284,15,'ai','Do you have any other symptoms you want to mention?','2026-01-02 21:06:43'),(285,15,'user','I have a headache','2026-01-02 21:06:53'),(286,15,'ai','How severe is the headache?','2026-01-02 21:06:53'),(287,15,'user','5','2026-01-02 21:06:57'),(288,15,'ai','How long have you had the headache?','2026-01-02 21:06:57'),(289,15,'user','Hey','2026-01-02 21:07:01'),(290,15,'ai','How long have you had the headache?','2026-01-02 21:07:02'),(291,15,'user','H','2026-01-02 21:07:09'),(292,15,'ai','How long have you had the headache?','2026-01-02 21:07:10'),(293,16,'user','Headache','2026-01-02 21:08:50'),(294,16,'ai','How severe is the Pain or pressure in the head or neck?','2026-01-02 21:08:51'),(295,16,'user','4','2026-01-02 21:08:58'),(296,16,'ai','How long have you had the Pain or pressure in the head or neck?','2026-01-02 21:08:59'),(297,16,'user','Four','2026-01-02 21:12:27'),(298,16,'ai','How often does the Pain or pressure in the head or neck happen?','2026-01-02 21:12:28'),(299,16,'user','Hi','2026-01-02 21:12:38'),(300,16,'ai','How often does the Pain or pressure in the head or neck happen?','2026-01-02 21:12:39'),(301,16,'user','Hy','2026-01-02 21:12:42'),(302,16,'ai','How often does the Pain or pressure in the head or neck happen?','2026-01-02 21:12:43'),(303,16,'user','I','2026-01-02 21:23:09'),(304,16,'ai','Sorry, I couldn\'t understand that clearly. Could you clarify?','2026-01-02 21:23:10'),(305,16,'user','I have a headache','2026-01-02 21:23:19'),(306,16,'ai','How severe is the Sensitivity to light or sound?','2026-01-02 21:23:20'),(307,16,'user','4','2026-01-02 21:23:26'),(308,16,'ai','How long have you had the Sensitivity to light or sound?','2026-01-02 21:23:27'),(309,16,'user','3 days','2026-01-02 21:23:36'),(310,16,'ai','How often does the Sensitivity to light or sound happen?','2026-01-02 21:23:37'),(311,16,'user','About 3times in 4hours','2026-01-02 21:23:52'),(312,16,'ai','How severe is the Nausea or vomiting?','2026-01-02 21:23:53'),(313,16,'user','6','2026-01-02 21:24:01'),(314,16,'ai','Sorry, I couldn\'t understand that clearly. Could you clarify?','2026-01-02 21:24:02'),(315,16,'user','Mild','2026-01-02 21:24:05'),(316,16,'ai','Sorry, I couldn\'t understand that clearly. Could you clarify?','2026-01-02 21:24:06'),(317,16,'user','Show me the symptoms','2026-01-02 21:24:16'),(318,16,'ai','How long have you had the Nausea or vomiting?','2026-01-02 21:24:17'),(319,16,'user','By','2026-01-02 21:27:48'),(320,16,'ai','Sorry, I couldn\'t understand that clearly. Could you clarify?','2026-01-02 21:27:49'),(321,16,'user','Show my symptoms','2026-01-02 21:28:01'),(322,16,'ai','How long have you had the Nausea or vomiting?','2026-01-02 21:28:02'),(323,17,'user','hi','2026-01-31 14:47:15'),(324,17,'ai','Hello, how can I assist you today?','2026-01-31 14:47:17'),(325,17,'user','what are you','2026-01-31 14:47:34'),(326,17,'ai','Do you have any other symptoms you want to mention?','2026-01-31 14:47:35'),(327,17,'user','headache going for three days','2026-01-31 14:47:51'),(328,17,'ai','How severe is the headache?','2026-01-31 14:47:52'),(329,17,'user','mild','2026-01-31 14:48:01'),(330,17,'ai','How often does the headache happen?','2026-01-31 14:48:02'),(331,17,'user','twice','2026-01-31 14:48:12'),(332,17,'ai','Do you have any other symptoms you want to mention?','2026-01-31 14:48:13'),(333,17,'user','oh yes i have a cough and its been for four days now and its very heavy','2026-01-31 14:48:40'),(334,17,'ai','How often does the cough happen?','2026-01-31 14:48:40'),(335,17,'user','it happens every hour and its so bad','2026-01-31 14:49:05'),(336,17,'ai','Do you have any other symptoms you want to mention?','2026-01-31 14:49:06'),(337,17,'user','no','2026-01-31 14:49:21'),(338,17,'ai','Do you have any other symptoms you want to mention?','2026-01-31 14:49:22'),(339,17,'user','no','2026-01-31 14:49:28'),(340,17,'ai','Do you have any other symptoms you want to mention?','2026-01-31 14:49:29'),(341,19,'user','Yo','2026-01-31 15:07:16'),(342,19,'ai','Do you have any other symptoms you want to mention?','2026-01-31 15:07:17'),(343,19,'user','I have a cough and it’s been 5days','2026-01-31 15:07:29'),(344,19,'ai','How severe is the cough?','2026-01-31 15:07:29'),(345,19,'user','Heavy','2026-01-31 15:07:36'),(346,19,'ai','How often does the cough happen?','2026-01-31 15:07:36'),(347,19,'user','Huh','2026-01-31 15:07:42'),(348,19,'ai','How often does the cough happen?','2026-01-31 15:07:42'),(349,19,'user','Hello','2026-01-31 15:07:55'),(350,19,'ai','How often does the cough happen?','2026-01-31 15:07:55'),(351,19,'user','Huh','2026-01-31 15:08:04'),(352,19,'ai','How often does the cough happen?','2026-01-31 15:08:05'),(353,20,'user','I have a headache and it’s been 3days now','2026-01-31 15:09:19'),(354,20,'ai','How severe is the headache?','2026-01-31 15:09:20'),(355,20,'user','Really heavy','2026-01-31 15:09:28'),(356,20,'ai','How often does the headache happen?','2026-01-31 15:09:28'),(357,20,'user','Huh','2026-01-31 15:09:32'),(358,20,'ai','How often does the headache happen?','2026-01-31 15:09:32'),(359,20,'user','Three days','2026-01-31 15:09:57'),(360,20,'ai','Do you have any other symptoms you want to mention?','2026-01-31 15:09:58'),(361,21,'user','I have a headache and it’s really heavy','2026-01-31 15:10:45'),(362,21,'ai','How severe is the headache?','2026-01-31 15:10:45'),(363,21,'user','Heavy','2026-01-31 15:10:53'),(364,21,'ai','How long have you had the headache?','2026-01-31 15:10:53'),(365,21,'user','3days','2026-01-31 15:10:59'),(366,21,'ai','How often does the headache happen?','2026-01-31 15:11:00'),(367,21,'user','Every hour','2026-01-31 15:11:09'),(368,21,'ai','How severe is the heavy?','2026-01-31 15:11:10'),(369,21,'user','Mild','2026-01-31 15:11:19'),(370,21,'ai','How long have you had the heavy?','2026-01-31 15:11:19'),(371,21,'user','It’s not heavy it’s headache','2026-01-31 15:11:32'),(372,21,'ai','How long have you had the headache?','2026-01-31 15:11:32'),(373,21,'user','What are the symptoms I’ve sent you?','2026-01-31 15:11:45'),(374,21,'ai','How long have you had the headache?','2026-01-31 15:11:45'),(375,21,'user','3days','2026-01-31 15:11:52'),(376,21,'ai','Do you have any other symptoms you want to mention?','2026-01-31 15:11:53'),(377,21,'user','No','2026-01-31 15:11:56'),(378,21,'ai','Do you have any other symptoms you want to mention?','2026-01-31 15:11:57'),(379,21,'user','No','2026-01-31 15:11:59'),(380,21,'ai','Do you have any other symptoms you want to mention?','2026-01-31 15:12:00'),(381,21,'user','Yes I have a cough','2026-01-31 15:12:06'),(382,21,'ai','How severe is the cough?','2026-01-31 15:12:06'),(383,21,'user','Heavy','2026-01-31 15:12:11'),(384,21,'ai','How long have you had the cough?','2026-01-31 15:12:12'),(385,21,'user','6days','2026-01-31 15:12:16'),(386,21,'ai','Sorry, I couldn\'t understand that clearly. Could you clarify?','2026-01-31 15:12:17'),(387,21,'user','Huh','2026-01-31 15:12:27'),(388,21,'ai','Sorry, I couldn\'t understand that clearly. Could you clarify?','2026-01-31 15:12:28'),(389,21,'user','I had a cough','2026-01-31 15:12:35'),(390,21,'ai','How often does the cough happen?','2026-01-31 15:12:36'),(391,21,'user','Huh','2026-01-31 15:12:44'),(392,21,'ai','Sorry, I couldn\'t understand that clearly. Could you clarify?','2026-01-31 15:12:45'),(393,21,'user','Every two hours','2026-01-31 15:12:55'),(394,21,'ai','Do you have any other symptoms you want to mention?','2026-01-31 15:12:56'),(395,21,'user','No','2026-01-31 15:12:59'),(396,21,'ai','Do you have any other symptoms you want to mention?','2026-01-31 15:13:00'),(397,21,'user','Lemme see all my symptoms','2026-01-31 15:13:20'),(398,21,'ai','Do you have any other symptoms you want to mention?','2026-01-31 15:13:21'),(399,21,'user','No','2026-01-31 15:13:24'),(400,21,'ai','Do you have any other symptoms you want to mention?','2026-01-31 15:13:25'),(401,22,'user','Hi I hav a headache','2026-01-31 22:13:54'),(402,22,'ai','How severe is the headache?','2026-01-31 22:13:56'),(403,22,'user','Mild','2026-01-31 22:14:02'),(404,22,'ai','How long have you had the headache?','2026-01-31 22:14:03'),(405,22,'user','3 days','2026-01-31 22:14:08'),(406,22,'ai','How often does the headache happen?','2026-01-31 22:14:09'),(407,22,'user','Twice a day','2026-01-31 22:14:13'),(408,22,'ai','Do you have any other symptoms you want to mention?','2026-01-31 22:14:14'),(409,22,'user','Yes','2026-01-31 22:14:17'),(410,22,'ai','How severe is the symptom?','2026-01-31 22:14:18'),(411,22,'user','Cough','2026-01-31 22:14:24'),(412,22,'ai','Sorry, I couldn\'t understand that clearly. Could you clarify?','2026-01-31 22:14:25'),(413,22,'user','I have a cough','2026-01-31 22:14:30'),(414,22,'ai','Sorry, I couldn\'t understand that clearly. Could you clarify?','2026-01-31 22:14:31'),(415,22,'user','3 days','2026-01-31 22:17:25'),(416,22,'ai','Sorry, I couldn\'t understand that clearly. Could you clarify?','2026-01-31 22:17:25'),(417,22,'user','What','2026-01-31 22:17:30'),(418,22,'ai','Sorry, I couldn\'t understand that clearly. Could you clarify?','2026-01-31 22:17:31'),(419,23,'user','I have a headache','2026-01-31 22:29:14'),(420,23,'ai','How severe is the headache?','2026-01-31 22:29:15'),(421,23,'user','Mild','2026-01-31 22:29:19'),(422,23,'ai','How long have you had the headache?','2026-01-31 22:29:20'),(423,23,'user','Three days','2026-01-31 22:29:24'),(424,23,'ai','How often does the headache happen?','2026-01-31 22:29:24'),(425,23,'user','Every time','2026-01-31 22:29:35'),(426,23,'ai','Do you have any other symptoms you want to mention?','2026-01-31 22:29:35'),(427,23,'user','Yes','2026-01-31 22:29:41'),(428,23,'ai','could you tell me what the symptom you have is?','2026-01-31 22:29:41'),(429,23,'user','I cough every time','2026-01-31 22:29:51'),(430,23,'ai','How severe is the cough?','2026-01-31 22:29:51'),(431,23,'user','Very intense','2026-01-31 22:29:58'),(432,23,'ai','How long have you had the cough?','2026-01-31 22:29:59'),(433,23,'user','Three days','2026-01-31 22:30:03'),(434,23,'ai','Do you have any other symptoms you want to mention?','2026-01-31 22:30:04'),(435,23,'user','Yes','2026-01-31 22:30:08'),(436,23,'ai','Do you have any other symptoms you want to mention?','2026-01-31 22:30:09'),(437,23,'user','Yes I have ear pain','2026-01-31 22:30:20'),(438,23,'ai','Do you have any other symptoms you want to mention?','2026-01-31 22:30:21'),(439,23,'user','Ear pain','2026-01-31 22:30:24'),(440,23,'ai','Do you have any other symptoms you want to mention?','2026-01-31 22:30:25'),(441,23,'user','Yes','2026-01-31 22:30:42'),(442,23,'ai','Do you have any other symptoms you want to mention?','2026-01-31 22:30:42'),(443,23,'user','No','2026-01-31 22:30:56'),(444,23,'ai','Do you have any other symptoms you want to mention?','2026-01-31 22:30:56'),(445,23,'user','Yes','2026-01-31 22:31:00'),(446,23,'ai','Sorry, I couldn\'t understand that clearly. Could you clarify?','2026-01-31 22:31:01'),(447,23,'user','Cough','2026-01-31 22:31:15'),(448,23,'ai','Sorry, I couldn\'t understand that clearly. Could you clarify?','2026-01-31 22:31:16'),(449,24,'user','I have a cough','2026-01-31 22:36:14'),(450,24,'ai','How severe is the cough?','2026-01-31 22:36:15'),(451,24,'user','Heavy','2026-01-31 22:36:25'),(452,24,'ai','How long have you had the cough?','2026-01-31 22:36:25'),(453,24,'user','Three days','2026-01-31 22:36:29'),(454,24,'ai','How often does the cough happen?','2026-01-31 22:36:30'),(455,24,'user','Twice daily','2026-01-31 22:36:37'),(456,24,'ai','Do you have any other symptoms you want to mention?','2026-01-31 22:36:37'),(457,24,'user','Yes','2026-01-31 22:36:40'),(458,24,'ai','could you tell me what the symptom you have is?','2026-01-31 22:36:40'),(459,24,'user','I have a headache','2026-01-31 22:36:50'),(460,24,'ai','How severe is the headache?','2026-01-31 22:36:51'),(461,24,'user','Mild','2026-01-31 22:36:58'),(462,24,'ai','How long have you had the headache?','2026-01-31 22:36:59'),(463,24,'user','Two weeks','2026-01-31 22:37:05'),(464,24,'ai','Sorry, I couldn\'t understand that clearly. Could you clarify?','2026-01-31 22:37:06'),(465,24,'user','2weeks','2026-01-31 22:37:09'),(466,24,'ai','Sorry, I couldn\'t understand that clearly. Could you clarify?','2026-01-31 22:37:10'),(467,24,'user','Three days','2026-01-31 22:37:24'),(468,24,'ai','Sorry, I couldn\'t understand that clearly. Could you clarify?','2026-01-31 22:37:24'),(469,25,'user','I have a headache','2026-01-31 22:42:06'),(470,25,'ai','How severe is the headache?','2026-01-31 22:42:07'),(471,25,'user','Really bad','2026-01-31 22:42:15'),(472,25,'ai','How long have you had the headache?','2026-01-31 22:42:16'),(473,25,'user','Three days','2026-01-31 22:42:19'),(474,25,'ai','How often does the headache happen?','2026-01-31 22:42:20'),(475,25,'user','Every hour','2026-01-31 22:42:26'),(476,25,'ai','Do you have any other symptoms you want to mention?','2026-01-31 22:42:27'),(477,25,'user','I have a cough','2026-01-31 22:42:31'),(478,25,'ai','How severe is the cough?','2026-01-31 22:42:32'),(479,25,'user','Mild','2026-01-31 22:42:36'),(480,25,'ai','How long have you had the cough?','2026-01-31 22:42:37'),(481,25,'user','Three weeks','2026-01-31 22:42:43'),(482,25,'ai','How often does the cough happen?','2026-01-31 22:42:44'),(483,25,'user','Twice daily','2026-01-31 22:42:51'),(484,25,'ai','Do you have any other symptoms you want to mention?','2026-01-31 22:42:52'),(485,25,'user','Yes','2026-01-31 22:42:56'),(486,25,'ai','How severe is the other?','2026-01-31 22:42:57'),(487,25,'user','What other','2026-01-31 22:43:05'),(488,25,'ai','How severe is the other?','2026-01-31 22:43:06'),(489,25,'user','I have a ear pain','2026-01-31 22:43:55'),(490,25,'ai','How severe is the ear pain?','2026-01-31 22:43:55'),(491,25,'user','Really bad','2026-01-31 22:44:03'),(492,25,'ai','Do you have any other symptoms you want to mention?','2026-01-31 22:44:04'),(493,25,'user','Y have tooth ache','2026-01-31 22:44:11'),(494,25,'ai','Do you have any other symptoms you want to mention?','2026-01-31 22:44:12'),(495,25,'user','Tooth ache','2026-01-31 22:44:16'),(496,25,'ai','Do you have any other symptoms you want to mention?','2026-01-31 22:44:17'),(497,26,'user','I have a headache','2026-01-31 23:00:40'),(498,26,'ai','I\'m so sorry to hear that you\'re experiencing a headache. Can you tell me, on a scale of 1 to 10, with 1 being a mild nuisance and 10 being the worst headache you\'ve ever had, how would you rate the severity of your headache right now?','2026-01-31 23:00:41'),(499,26,'user','10','2026-01-31 23:00:52'),(500,26,'ai','You mentioned that your headache is a 10 out of 10 - can you tell me if it\'s constant or does it come and go, and if there\'s anything that makes it worse or better?','2026-01-31 23:00:53'),(501,26,'user','Goes off and on and if I run it’s worse','2026-01-31 23:01:12'),(502,26,'ai','I want to make sure I understand your symptoms clearly. When you say that running makes your headache worse, can you tell me how much worse it gets with exercise, or is it a drastic difference that\'s causing you concern?','2026-01-31 23:01:13'),(503,26,'user','10','2026-01-31 23:01:23'),(504,26,'ai','So when you run, your headache doesn\'t just get a little bit worse, but it\'s actually at the same severe level as when you\'re not running. Can you tell me if that\'s correct, or if there\'s a noticeable difference in how bad your headache gets with exercise?','2026-01-31 23:01:24'),(505,26,'user','Nothing noticeable','2026-01-31 23:01:37'),(506,26,'ai','Can you tell me if your headache gets significantly worse with exercise, or if the difference in severity is relatively small?','2026-01-31 23:01:38'),(507,26,'user','Small','2026-01-31 23:01:45'),(508,26,'ai','So, it sounds like your headache might be getting a bit worse with exercise, but not drastically so. Can you tell me if the worsening of your headache with exercise is making it difficult for you to continue with your usual activities, or is it still manageable?','2026-01-31 23:01:46'),(509,26,'user','Manageable','2026-01-31 23:01:56'),(510,26,'ai','How severe is the worsening of your headache when you exercise compared to when you\'re at rest?','2026-01-31 23:01:57'),(511,26,'user','Nothing muchb','2026-01-31 23:02:05'),(512,26,'ai','Compared to when you\'re at rest, would you say your headache gets a little worse, somewhat worse, or much worse when you exercise?','2026-01-31 23:02:06'),(513,26,'user','Little worse','2026-01-31 23:02:14'),(514,26,'ai','On a scale of 1 to 10, with 1 being a slight increase and 10 being a significant increase, how much worse does your headache get when you exercise compared to when you\'re at rest?','2026-01-31 23:02:15'),(515,26,'user','1','2026-01-31 23:02:19'),(516,26,'ai','You mentioned your headache gets a little worse when you exercise. I\'d like to understand more about that. Can you tell me, do you need to stop exercising or slow down significantly because of the headache, or can you still keep going at a slower pace?','2026-01-31 23:02:20'),(517,26,'user','Can we go to the next question?','2026-01-31 23:02:31'),(518,26,'ai','Let\'s focus on how exercise affects your headache. Can you tell me if you need to stop or significantly slow down exercising because of your headache, or can you still keep going at a slower pace?','2026-01-31 23:02:31'),(519,26,'user','No can we go over to the next question','2026-01-31 23:02:45'),(520,26,'ai','How severe is the worsening of your headache with exercise? Is it a mild nuisance that doesn\'t stop you from doing what you need to do, or does it become severe enough to make you stop exercising altogether?','2026-01-31 23:02:46'),(521,26,'user','It dosent','2026-01-31 23:02:53'),(522,26,'ai','On a scale of 1 to 10, with 1 being a mild nuisance and 10 being severe enough to make you stop exercising, how would you rate the worsening of your headache with physical activity?','2026-01-31 23:02:54'),(523,26,'user','1','2026-01-31 23:02:57'),(524,26,'ai','So it\'s a mild nuisance, not severe enough to stop you from exercising. Can you tell me, does the exercise trigger a sharp increase in headache severity, or is it more of a gradual worsening?','2026-01-31 23:02:58'),(525,26,'user','No','2026-01-31 23:03:05'),(526,26,'ai','When you do experience this worsening with exercise, does it feel like your headache gets significantly worse all at once, or does it gradually get more uncomfortable over time?','2026-01-31 23:03:06'),(527,26,'user','Not at all','2026-01-31 23:03:12'),(528,26,'ai','Can you describe how your headache worsens with exercise - is it a slight increase, a moderate change, or a complete debilitating pain that forces you to stop?','2026-01-31 23:03:13'),(529,26,'user','Nothing','2026-01-31 23:03:21'),(530,26,'ai','I\'m having a little trouble understanding how your symptoms change with exercise. Can you think of a scale from 0 to 10, where 0 is no change and 10 is extreme pain? Where would you rate the increase in your headache pain when you\'re physically active?','2026-01-31 23:03:22'),(531,26,'user','0','2026-01-31 23:03:29'),(532,26,'ai','It sounds like your headache doesn\'t change much with exercise. Can you tell me if you\'ve noticed any difference at all, even a slight increase in pain when you\'re physically active?','2026-01-31 23:03:30'),(533,26,'user','No','2026-01-31 23:03:34'),(534,26,'ai','Just to make sure I understand correctly, it sounds like your headache doesn\'t get any worse with exercise. But I want to confirm, can you tell me if there\'s any specific activity or exercise that makes your headache feel even a tiny bit worse?','2026-01-31 23:03:35'),(535,26,'user','I have a cough as well','2026-01-31 23:03:46'),(536,26,'ai','I\'m so sorry to hear you\'re experiencing a cough too. Can you tell me, how severe is your cough? Is it mild, moderate, or quite severe, to the point where it\'s causing you discomfort or difficulty breathing?','2026-01-31 23:03:47'),(537,26,'user','Mild','2026-01-31 23:03:52'),(538,26,'ai','I\'m glad to hear your cough is mild so far. Can you tell me, how long have you been experiencing this cough?','2026-01-31 23:03:53'),(539,26,'user','Three days','2026-01-31 23:03:58'),(540,26,'ai','Now, about the frequency of your cough: does it happen all the time, or is it something that comes and goes throughout the day?','2026-01-31 23:03:59'),(541,26,'user','Happens all the time','2026-01-31 23:04:09'),(542,26,'ai','Are there any other symptoms you\'ve noticed, like a runny nose, sore throat, or fever, that I should be aware of?','2026-01-31 23:04:10'),(543,26,'user','Diarrhoea','2026-01-31 23:04:35'),(544,26,'ai','I\'m here to help you feel better. How severe is your diarrhoea - is it a mild loose stool or something more watery and frequent?','2026-01-31 23:04:36'),(545,26,'user','Watery','2026-01-31 23:04:45'),(546,26,'ai','How often are you experiencing the watery diarrhoea, and is it waking you up at night or disrupting your daily activities?','2026-01-31 23:04:46'),(547,26,'user','Yes it is','2026-01-31 23:04:51'),(548,26,'ai','Have you experienced any blood in your stool, or are you feeling severely dehydrated due to the watery diarrhoea?','2026-01-31 23:04:52'),(549,26,'user','No','2026-01-31 23:04:55'),(550,26,'ai','On a scale of 1 to 10, with 1 being a slight discomfort and 10 being extremely severe, how would you rate the severity of the diarrhoea, considering its frequency and impact on your daily life?','2026-01-31 23:04:56'),(551,26,'user','1','2026-01-31 23:04:59'),(552,26,'ai','How would you rate the severity of the diarrhoea right now, from 1 being a slight discomfort to 10 being extremely severe?','2026-01-31 23:05:00'),(553,26,'user','1','2026-01-31 23:05:05'),(554,26,'ai','Can you describe the diarrhoea in more detail? For example, how often are you experiencing bowel movements, and is the stool loose or watery?','2026-01-31 23:05:06'),(555,26,'user','Watery','2026-01-31 23:05:13'),(556,26,'ai','Just to clarify, you mentioned the diarrhoea is a 1 out of 10 in terms of severity. How often are you experiencing these watery bowel movements, and how long have you been dealing with them?','2026-01-31 23:05:14'),(557,26,'user','Twice in four hours','2026-01-31 23:05:27'),(558,26,'ai','How would you rate the severity of your diarrhoea on a scale of 1 to 10, with 1 being mild and 10 being severe?','2026-01-31 23:05:28'),(559,26,'user','1','2026-01-31 23:05:37'),(560,26,'ai','Can you tell me if the diarrhoea is getting any worse or more frequent - is it still a mild 1 out of 10?','2026-01-31 23:05:39'),(561,26,'user','Still a 1','2026-01-31 23:05:46'),(562,26,'ai','Just to confirm, you\'re still experiencing a mild level of diarrhoea, is that correct, and it hasn\'t gotten any worse?','2026-01-31 23:05:48'),(563,26,'user','It hadn’t','2026-01-31 23:05:55'),(564,26,'ai','How would you rate the severity of your diarrhoea on a scale of 1 to 10, considering its frequency and intensity, and is it staying at that same level?','2026-01-31 23:05:56'),(565,26,'user','1','2026-01-31 23:06:02'),(566,26,'ai','Just to get a better understanding of your symptoms, can you tell me if your diarrhoea has remained at this mild level, or if you\'re starting to experience any more frequent or severe episodes?','2026-01-31 23:06:03'),(567,26,'user','It’s mild','2026-01-31 23:06:11'),(568,26,'ai','So it sounds like your diarrhoea is mild and manageable at this point. But to help me better assess your condition, can you tell me how many times you\'re experiencing loose stools per day?','2026-01-31 23:06:12'),(569,26,'user','4','2026-01-31 23:06:18'),(570,26,'ai','How severe is the diarrhoea, would you say it\'s mildly uncomfortable, moderately distressing, or severely debilitating?','2026-01-31 23:06:19'),(571,26,'user','Mild','2026-01-31 23:06:25'),(572,26,'ai','On a scale of 1 to 10, with 1 being very mild and 10 being extremely severe, how would you rate the discomfort or distress caused by your diarrhoea right now?','2026-01-31 23:06:26'),(573,26,'user','1','2026-01-31 23:06:30'),(574,26,'ai','How would you rate the discomfort or distress caused by your diarrhoea right now, on a scale of 1 to 10?','2026-01-31 23:06:31'),(575,26,'user','1','2026-01-31 23:06:34'),(576,26,'ai','How often are you experiencing bowel movements with your diarrhoea, and are you finding it difficult to manage your symptoms?','2026-01-31 23:06:35'),(577,26,'user','I have no other symptoms','2026-01-31 23:06:41'),(578,26,'ai','Can you tell me if the diarrhoea is preventing you from going about your daily activities, or if it\'s mainly a nuisance at this point?','2026-01-31 23:06:42'),(579,26,'user','No','2026-01-31 23:06:45'),(580,26,'ai','On a scale of mild to severe, how would you rate the frequency of your diarrhoea episodes?','2026-01-31 23:06:46'),(581,26,'user','I have a bloody feet','2026-01-31 23:06:53'),(582,26,'ai','I\'m concerned about what you mentioned about your bloody feet. However, to understand the severity of your diarrhoea, can you tell me if you\'re experiencing more than 10 episodes of loose stools in a 24-hour period?','2026-01-31 23:06:54'),(583,26,'user','Nah','2026-01-31 23:07:03'),(584,26,'ai','I\'m here to help you, and I want to make sure I understand your symptoms correctly. Can you tell me how often you\'re having loose stools, and is it affecting your ability to go about your daily activities?','2026-01-31 23:07:04'),(585,26,'user','Oooooo','2026-01-31 23:07:13'),(586,26,'ai','Can you tell me if your diarrhoea is mild, moderate, or severe? Is it just loose stools or is there blood or mucus present?','2026-01-31 23:07:14'),(587,26,'user','Mild','2026-01-31 23:07:20'),(588,26,'ai','You mentioned that your diarrhoea is mild, but I still need a better understanding. Can you tell me how severe the loose stools are - are they just a bit loose or are they watery and hard to hold in?','2026-01-31 23:07:21'),(589,26,'user','They’re not','2026-01-31 23:07:28'),(590,26,'ai','Can you describe how hard it is for you to hold in your stool when you feel the urge to go to the bathroom?','2026-01-31 23:07:29'),(591,26,'user','No','2026-01-31 23:12:18'),(592,26,'ai','Can you tell me how severe the loose stools are - are they just a bit loose or are they watery and hard to hold in?','2026-01-31 23:12:19'),(593,27,'user','I have a headache','2026-01-31 23:17:01'),(594,27,'ai','How severe is your headache?','2026-01-31 23:17:01'),(595,27,'user','Mild','2026-01-31 23:17:13'),(596,27,'ai','Are there any other symptoms you\'d like to mention?','2026-01-31 23:17:14'),(597,27,'user','Yes','2026-01-31 23:17:21'),(598,27,'ai','Are there any other symptoms you\'d like to mention?','2026-01-31 23:17:23'),(599,27,'user','No','2026-01-31 23:17:26'),(600,27,'ai','Thank you for sharing your information with me. I\'ve collected that you have no other symptoms to mention. Our session is now complete.','2026-01-31 23:17:27'),(601,27,'user','No','2026-01-31 23:17:32'),(602,27,'ai','Thank you for sharing your information with me. Our session is now complete.','2026-01-31 23:17:33'),(603,28,'user','I have a cough','2026-01-31 23:22:16'),(604,28,'ai','Can you tell me, on a scale of 1 to 10, how severe your cough is?','2026-01-31 23:22:17'),(605,28,'user','1','2026-01-31 23:22:25'),(606,28,'ai','That helps me understand the severity of your cough. So, it\'s a mild 1 out of 10. Is that correct?','2026-01-31 23:22:26'),(607,28,'user','Mild','2026-01-31 23:22:31'),(608,28,'ai','Can you tell me how long you\'ve been experiencing the cough?','2026-01-31 23:22:32'),(609,28,'user','Three days','2026-01-31 23:22:36'),(610,28,'ai','How often does the cough happen throughout the day?','2026-01-31 23:22:37'),(611,28,'user','Twice daily','2026-01-31 23:22:42'),(612,28,'ai','Before we continue, is there anything else you\'d like to mention, such as difficulty breathing, fever, or any other symptoms you\'re experiencing?','2026-01-31 23:22:43'),(613,28,'user','Ear pain','2026-01-31 23:22:53'),(614,28,'ai','Can you tell me how severe the ear pain is, on a scale of 1 to 10, with 1 being mild and 10 being severe?','2026-01-31 23:22:54'),(615,28,'user','1','2026-01-31 23:22:58'),(616,28,'ai','Can you tell me how long you\'ve been experiencing the headache?','2026-01-31 23:22:59'),(617,28,'user','I said ear pain not cough','2026-01-31 23:24:22'),(618,28,'ai','I\'m here to help. Can you please tell me how long you\'ve had the headache?','2026-01-31 23:24:23'),(619,29,'user','I have a headache and cough','2026-01-31 23:30:03'),(620,29,'ai','How severe is your headache, on a scale of 1 to 10, with 10 being the worst?','2026-01-31 23:30:05'),(621,29,'user','5','2026-01-31 23:30:14'),(622,29,'ai','How severe is your headache, on a scale of 1 to 10, with 10 being the worst?','2026-01-31 23:30:15'),(623,29,'user','5','2026-01-31 23:30:21'),(624,29,'ai','You\'ve already mentioned your headache is a 5 out of 10. Is that severity still the same?','2026-01-31 23:30:22'),(625,29,'user','Yes','2026-01-31 23:30:29'),(626,29,'ai','You mentioned having another symptom. Could you please tell me what that symptom is?','2026-01-31 23:30:31'),(627,29,'user','Cough','2026-01-31 23:30:36'),(628,29,'ai','You mentioned your headache was a 5 out of 10 earlier. Has the severity of the headache changed since then?','2026-01-31 23:30:37'),(629,29,'user','No','2026-01-31 23:30:43'),(630,29,'ai','You mentioned your headache was a 5 out of 10 earlier. Can you confirm if the severity is still the same?','2026-01-31 23:30:44'),(631,29,'user','Yes','2026-01-31 23:30:50'),(632,29,'ai','You mentioned having another symptom. Can you please tell me what that symptom is?','2026-01-31 23:30:51'),(633,29,'user','Cough severity is 6','2026-01-31 23:31:01'),(634,29,'ai','How would you rate the severity of your headache now, on a scale of 1 to 10?','2026-01-31 23:31:02'),(635,29,'user','1','2026-01-31 23:31:08'),(636,29,'ai','How would you rate the severity of your headache now, on a scale of 1 to 10?','2026-01-31 23:31:09'),(637,29,'user','Ear pain severity is 5','2026-01-31 23:31:19'),(638,29,'ai','You mentioned ear pain, but I\'d like to focus on your headache for now. Could you please rate the severity of your headache on a scale of 1 to 10?','2026-01-31 23:31:21'),(639,29,'user','Headache severity 4','2026-01-31 23:31:34'),(640,29,'ai','How long have you been experiencing this headache?','2026-01-31 23:31:36'),(641,29,'user','Three weeks','2026-01-31 23:31:42'),(642,29,'ai','How often do you experience this headache, is it a daily occurrence or does it happen less frequently?','2026-01-31 23:31:43'),(643,29,'user','Daily','2026-01-31 23:31:50'),(644,29,'ai','You mentioned a headache, but I also want to ask about any other symptoms you might be experiencing. Do you have a cough, and if so, how long have you had it?','2026-01-31 23:31:52'),(645,29,'user','Cough','2026-01-31 23:32:01'),(646,29,'ai','You\'ve confirmed having a cough. Can you tell me how long you\'ve had it?','2026-01-31 23:32:02'),(647,29,'user','Three weeks','2026-01-31 23:32:08'),(648,29,'ai','You have a cough. How long have you had it?','2026-01-31 23:32:09'),(649,29,'user','Cough three weeks','2026-01-31 23:32:16'),(650,29,'ai','You\'re also experiencing ear pain. How long have you had the ear pain?','2026-01-31 23:32:17'),(651,29,'user','Three months','2026-01-31 23:32:23'),(652,29,'ai','Is there anything else you\'re experiencing that you\'d like to mention, aside from the cough and ear pain?','2026-01-31 23:32:24'),(653,29,'user','No','2026-01-31 23:32:31'),(654,29,'ai','Thank you for sharing your symptoms with me. To summarize, you\'ve been experiencing a cough and ear pain for three months. I appreciate your time and I\'ll make sure this information is noted. Goodbye.','2026-01-31 23:32:33'),(655,29,'user','Send the summary here','2026-01-31 23:32:45'),(656,29,'ai','Are there any other symptoms you\'re experiencing that you\'d like to mention?','2026-01-31 23:32:46'),(657,30,'user','I have a headache','2026-01-31 23:39:17'),(658,30,'ai','On a scale of 1 to 10, how severe is your headache?','2026-01-31 23:39:18'),(659,30,'user','5','2026-01-31 23:39:24'),(660,30,'ai','How long have you had the headache?','2026-01-31 23:39:25'),(661,30,'user','3 days','2026-01-31 23:39:30'),(662,30,'ai','How often does the headache happen?','2026-01-31 23:39:31'),(663,30,'user','Twice a day','2026-01-31 23:39:37'),(664,30,'ai','Besides the headache, are there any OTHER symptoms you\'d like to mention?','2026-01-31 23:39:38'),(665,30,'user','Yes','2026-01-31 23:39:42'),(666,30,'ai','What is the other symptom you\'re experiencing?','2026-01-31 23:39:43'),(667,30,'user','Cough','2026-01-31 23:39:46'),(668,30,'ai','On a scale of 1 to 10, how severe would you say your cough is?','2026-01-31 23:39:47'),(669,30,'user','6','2026-01-31 23:39:51'),(670,30,'ai','On a scale of 1 to 10, how severe would you say your cough is?','2026-01-31 23:39:52'),(671,30,'user','6/10','2026-01-31 23:39:57'),(672,30,'ai','How long have you had the cough?','2026-01-31 23:39:58'),(673,30,'user','Three months','2026-01-31 23:40:03'),(674,30,'ai','How often does the cough happen?','2026-01-31 23:40:04'),(675,30,'user','Twice weekly','2026-01-31 23:40:11'),(676,30,'ai','Besides the cough, are there any OTHER symptoms you\'d like to mention?','2026-01-31 23:40:12'),(677,30,'user','No','2026-01-31 23:40:15'),(678,30,'ai','Thank you for sharing your symptoms with me. To summarize, you\'ve mentioned experiencing a cough that happens twice weekly. I appreciate your time and hope you feel better soon. Goodbye.','2026-01-31 23:40:16'),(679,30,'user','Send the summary here','2026-01-31 23:40:23'),(680,30,'ai','You\'ve reported experiencing a cough. To confirm, is it correct that your symptoms include: \n- Cough (happens twice weekly)\nIs this information accurate?','2026-01-31 23:40:24'),(681,30,'user','Send all the summary','2026-01-31 23:40:36'),(682,30,'ai','You\'ve reported experiencing a cough. To confirm, is it correct that your symptoms include: \n- Cough (happens twice weekly)\nIs this information accurate?','2026-01-31 23:40:38'),(683,31,'user','I have a headache and ear pain','2026-01-31 23:44:52'),(684,31,'ai','You\'re experiencing headache and ear pain. To better understand your condition, could you please rate the severity of your ear pain on a scale of 1 to 10, with 1 being mild and 10 being extremely severe?','2026-01-31 23:44:54'),(685,31,'user','5','2026-01-31 23:45:01'),(686,31,'ai','You\'ve rated the severity of your ear pain as 5/10. Now, could you please tell me how long you\'ve been experiencing the ear pain? Additionally, you\'re also having a headache, which you\'ve rated as 5/10 in severity. We\'ll come back to that, but first, let\'s focus on the ear pain duration.','2026-01-31 23:45:03'),(687,31,'user','Three weeks','2026-01-31 23:45:13'),(688,31,'ai','You\'ve been experiencing ear pain for three weeks with a severity of 5/10. To better understand this symptom, can you tell me how often the ear pain happens? Additionally, just to recap, you\'re also experiencing a headache with the same severity and duration.','2026-01-31 23:45:14'),(689,31,'user','You’re updating the headache as we’ll as the earpain','2026-01-31 23:45:30'),(690,31,'ai','You\'ve been experiencing ear pain for three weeks with a severity of 5/10. To better understand this symptom, can you tell me how often the ear pain happens?','2026-01-31 23:45:31'),(691,31,'user','Every day','2026-01-31 23:45:40'),(692,31,'ai','You\'ve shared with me that you\'re experiencing a headache and ear pain, both lasting for 3 weeks with a severity of 5/10 and occurring every day. Are there any OTHER symptoms you\'d like to mention?','2026-01-31 23:45:41'),(693,31,'user','No','2026-01-31 23:45:49'),(694,31,'ai','Thank you for sharing your symptoms with me. To summarize, you\'ve been experiencing a headache and ear pain, both lasting for 3 weeks with a severity of 5/10 and occurring every day. I appreciate the time you\'ve taken to speak with me today. Goodbye.','2026-01-31 23:45:50'),(695,31,'user','Show me the summary','2026-01-31 23:45:55'),(696,31,'ai','You\'re experiencing the following symptoms: \n- Headache, which has lasted for 3 weeks with a severity of 5/10 and occurs every day.\n- Ear pain, which has also lasted for 3 weeks with a severity of 5/10 and occurs every day.\nIs this information correct?','2026-01-31 23:45:56'),(697,31,'user','Headache is 7/10','2026-01-31 23:47:47'),(698,31,'ai','You\'re experiencing the following symptoms: \n- Headache, which has lasted for 3 weeks with a severity of 7/10 and occurs every day.\n- Ear pain, which has lasted for 3 weeks with a severity of 5/10 and occurs every day.\nAre there any OTHER symptoms you\'d like to mention?','2026-01-31 23:47:48'),(699,31,'user','Headache is two months and it’s every 30min','2026-01-31 23:48:07'),(700,31,'ai','You\'ve corrected me that your headache has lasted for 2 months with a severity of 7/10 and occurs every 30 minutes, and you also have ear pain which has lasted for 3 weeks with a severity of 5/10 and occurs every day. Are there any OTHER symptoms you\'d like to mention?','2026-01-31 23:48:09'),(701,31,'user','I’m experiencing cough and it’s been 2months and it’s severity is mild and happens every half hour','2026-01-31 23:49:28'),(702,31,'ai','You\'ve confirmed that you\'re experiencing a headache that has lasted for 2 months with a severity of 7/10 and occurs every 30 minutes, ear pain that has lasted for 3 weeks with a severity of 5/10 and occurs every day, and a cough that has lasted for 2 months with a mild severity and occurs every half hour. Are there any OTHER symptoms you\'d like to mention?','2026-01-31 23:49:29'),(703,31,'user','Cough is 2years','2026-01-31 23:49:38'),(704,31,'ai','You\'ve confirmed that you\'re experiencing a headache that has lasted for 2 months with a severity of 7/10 and occurs every 30 minutes, ear pain that has lasted for 3 weeks with a severity of 5/10 and occurs every day, and a cough that has lasted for 2 years with a mild severity and occurs every half hour. Are there any OTHER symptoms you\'d like to mention?','2026-01-31 23:49:40'),(705,31,'user','No','2026-01-31 23:49:51'),(706,31,'ai','Thank you for sharing your symptoms with me. To summarize, you\'re experiencing a headache, ear pain, and a cough. The headache has lasted for 2 months with a severity of 7/10 and occurs every 30 minutes, the ear pain has lasted for 3 weeks with a severity of 5/10 and occurs every day, and the cough has lasted for 2 years with a mild severity and occurs every half hour. Goodbye.','2026-01-31 23:49:52'),(707,32,'user','I have a headache','2026-02-02 12:08:34'),(708,32,'ai','You\'ve mentioned you have a headache. Can you please tell me how severe the headache is, on a scale of 1 to 10, with 1 being mild and 10 being extremely severe?','2026-02-02 12:08:36'),(709,32,'user','3','2026-02-02 12:08:44'),(710,32,'ai','You\'ve mentioned the headache is a 3 out of 10 in terms of severity. Can you please tell me how long you\'ve had the headache?','2026-02-02 12:08:45'),(711,32,'user','I have had it for like two weeks now','2026-02-02 12:09:00'),(712,32,'ai','You\'ve had a headache for 2 weeks with a severity of 3/10. To better understand your condition, can you please tell me how often the headache happens?','2026-02-02 12:09:02'),(713,32,'user','It happens like every two hours','2026-02-02 12:09:18'),(714,32,'ai','You\'ve shared with me that you\'re experiencing a headache that occurs every 2 hours, with a severity of 3/10, and has been ongoing for 2 weeks. Are there any other symptoms you\'d like to mention, in addition to the headache?','2026-02-02 12:09:19'),(715,32,'user','Yes','2026-02-02 12:09:28'),(716,32,'ai','You\'ve mentioned having another symptom in addition to the headache. Could you please specifically name this new symptom so I can better understand your condition?','2026-02-02 12:09:29'),(717,32,'user','It is a cough','2026-02-02 12:09:48'),(718,32,'ai','You\'ve mentioned a cough in addition to the headache you\'re experiencing. To better understand your condition, could you please rate the severity of your cough on a scale of 1 to 10?','2026-02-02 12:09:50'),(719,32,'user','7','2026-02-02 12:09:57'),(720,32,'ai','You\'ve previously mentioned a headache and a cough. To summarize, you\'re experiencing a headache that\'s been ongoing for 2 weeks, with a severity of 7/10, and occurs every 2 hours. For your cough, could you please rate its severity on a scale of 1 to 10?','2026-02-02 12:09:58'),(721,32,'user','Headache severity is 3 and cough is 7','2026-02-02 12:10:16'),(722,32,'ai','You\'ve mentioned a cough with a severity of 7/10. Could you please tell me how long you\'ve had the cough?','2026-02-02 12:10:17'),(723,32,'user','Three months','2026-02-02 12:10:25'),(724,32,'ai','You\'ve previously mentioned a headache and a cough. To summarize, you\'re experiencing a headache that\'s been ongoing for 3 months, with a severity of 3/10, and occurs every 2 hours. For your cough, could you please tell me how long you\'ve had the cough?','2026-02-02 12:10:26'),(725,32,'user','Headache duration is 2weeks and cough is three months','2026-02-02 12:10:45'),(726,32,'ai','You\'ve had the cough for 3 months with a severity of 7/10. Could you please tell me how often the cough happens?','2026-02-02 12:10:46'),(727,32,'user','Twice daily','2026-02-02 12:10:54'),(728,32,'ai','You\'ve previously mentioned a headache and a cough. To summarize, you\'re experiencing a headache that\'s been ongoing for 2 weeks, with a severity of 3/10, and occurs twice daily, as well as a cough that\'s been ongoing for 3 months, with a severity of 7/10, and also occurs twice daily. Are there any other symptoms you\'d like to mention?','2026-02-02 12:10:55'),(729,32,'user','List all my symptoms','2026-02-02 12:11:02'),(730,32,'ai','You\'ve mentioned a headache and a cough. To confirm, your symptoms are: a headache with a duration of 2 weeks, severity of 3/10, and frequency of twice daily, as well as a cough with a duration of 3 months, severity of 7/10, and frequency of twice daily. Are there any OTHER symptoms you\'d like to mention?','2026-02-02 12:11:03'),(731,32,'user','No','2026-02-02 12:11:15'),(732,32,'ai','Thank you for sharing your symptoms with me. To summarize, you\'re experiencing a headache with a duration of 2 weeks, severity of 3/10, and frequency of twice daily, as well as a cough with a duration of 3 months, severity of 7/10, and frequency of twice daily. I have recorded all of your symptoms. Goodbye.','2026-02-02 12:11:16'),(733,32,'user','Goodbye','2026-02-02 12:11:22'),(734,32,'ai','You\'ve mentioned a headache and a cough. To confirm, your symptoms are: a headache with a duration of 2 weeks, severity of 3/10, and frequency of twice daily, as well as a cough with a duration of 3 months, severity of 7/10, and frequency of twice daily. Are there any OTHER symptoms you\'d like to mention?','2026-02-02 12:11:23'),(735,32,'user','No','2026-02-02 12:11:32'),(736,32,'ai','Thank you for sharing your symptoms with me. To summarize, you\'re experiencing a headache with a duration of 2 weeks, severity of 3/10, and frequency of twice daily, as well as a cough with a duration of 3 months, severity of 7/10, and frequency of twice daily. I have recorded all of your symptoms. Goodbye.','2026-02-02 12:11:33'),(737,33,'user','I’m having fatigue','2026-02-03 22:55:49'),(738,33,'ai','You\'ve mentioned experiencing fatigue. Can you please rate the severity of your fatigue on a scale of 1 to 10, with 1 being mild and 10 being extremely severe?','2026-02-03 22:55:51'),(739,33,'user','8','2026-02-03 22:56:05'),(740,33,'ai','You\'ve rated your fatigue as 8 out of 10 in terms of severity. To better understand your condition, can you tell me how long you\'ve been experiencing this fatigue?','2026-02-03 22:56:06'),(741,33,'user','For the majority of the day','2026-02-03 22:56:18'),(742,33,'ai','You\'ve been experiencing fatigue for the majority of the day, and you\'ve rated its severity as 8 out of 10. To further understand your condition, can you please tell me how long you\'ve had this fatigue, in terms of days, weeks, or months?','2026-02-03 22:56:19'),(743,33,'user','Two days','2026-02-03 22:56:30'),(744,33,'ai','You\'ve been experiencing fatigue for 2 days, with a severity of 8/10 for the majority of the day. Besides fatigue, are there any other symptoms you\'d like to mention?','2026-02-03 22:56:32'),(745,33,'user','Headaches as well','2026-02-03 22:56:40'),(746,33,'ai','You\'ve mentioned experiencing headaches in addition to fatigue. To better understand your condition, can you please rate the severity of your headaches on a scale of 1 to 10?','2026-02-03 22:56:41'),(747,33,'user','7','2026-02-03 22:56:48'),(748,33,'ai','You\'ve mentioned experiencing headaches in addition to fatigue. To better understand your condition, can you please rate the severity of your headaches on a scale of 1 to 10?','2026-02-03 22:56:49'),(749,33,'user','The fatigue is 8 and the headache is 7','2026-02-03 22:57:25'),(750,33,'ai','You\'ve already rated the severity of your headaches as 7/10. To further understand your condition, could you please tell me how long you\'ve been experiencing these headaches?','2026-02-03 22:57:26'),(751,33,'user','5days','2026-02-03 22:57:46'),(752,33,'ai','You\'ve mentioned experiencing headaches for 5 days with a severity of 7/10. Can you please tell me how often the headaches happen?','2026-02-03 22:57:47'),(753,33,'user','Twice a day','2026-02-03 22:57:56'),(754,33,'ai','You\'ve shared with me that you\'re experiencing fatigue and headaches. To ensure I have a complete understanding of your condition, are there any OTHER symptoms you\'d like to mention?','2026-02-03 22:57:57'),(755,33,'user','The fatigue is majority of the day','2026-02-03 22:58:16'),(756,33,'ai','You\'ve shared with me that you\'re experiencing fatigue for 7 days with a severity of 8/10, majority of the day, and headaches for 5 days with a severity of 7/10, occurring twice a day. To ensure I have a complete understanding of your condition, are there any OTHER symptoms you\'d like to mention?','2026-02-03 22:58:17'),(757,33,'user','No','2026-02-03 22:58:21'),(758,33,'ai','Thank you for sharing your symptoms with me. To summarize, you\'ve been experiencing fatigue for 7 days with a severity of 8/10, majority of the day, and headaches for 5 days with a severity of 7/10, occurring twice a day. I appreciate your time and information. Goodbye.','2026-02-03 22:58:22'),(759,34,'user','I have a headache and it’s been hurting for 3days now','2026-02-04 00:39:37'),(760,34,'ai','You\'ve been experiencing a headache for 3 days. To better understand your condition, could you please rate the severity of your headache on a scale of 1 to 10, with 1 being mild and 10 being extremely severe?','2026-02-04 00:39:38'),(761,34,'user','5','2026-02-04 00:39:58'),(762,34,'ai','You\'ve been experiencing a headache for 3 days with a severity of 5/10. Can you please tell me how often the headache happens?','2026-02-04 00:39:59'),(763,34,'user','Twice every 3hours','2026-02-04 00:40:22'),(764,34,'ai','You\'ve shared with me that you\'re experiencing a headache that\'s been ongoing for 3 days, with a severity of 5/10, and occurs twice every 3 hours. Are there any other symptoms you\'d like to mention besides the headache?','2026-02-04 00:40:23'),(765,35,'user','I have a headache and it’s been three days','2026-02-19 14:07:18'),(766,35,'ai','You\'ve been experiencing a headache for 3 days. To better understand your condition, could you please rate the severity of your headache on a scale of 1 to 10?','2026-02-19 14:07:20'),(767,35,'user','6','2026-02-19 14:07:41'),(768,35,'ai','You\'ve been experiencing a headache for 3 days with a severity of 6/10. Can you tell me how often the headache happens within those 3 days?','2026-02-19 14:07:42'),(769,35,'user','Twice daily','2026-02-19 14:07:47'),(770,35,'ai','You\'ve shared with me that you\'re experiencing a headache that occurs twice daily, with a severity of 6/10, and has lasted for 3 days. Are there any OTHER symptoms you\'d like to mention?','2026-02-19 14:07:48'),(771,35,'user','No','2026-02-19 14:07:52'),(772,35,'ai','Thank you for sharing your symptoms with me. To summarize, you\'ve been experiencing a headache for 3 days, with a severity of 6/10, and it occurs twice daily. I appreciate the time you took to speak with me today. Goodbye.','2026-02-19 14:07:53'),(773,36,'user','I have a headache and it’s been going on for three days, it happens two times every day','2026-02-19 15:05:42'),(774,36,'ai','You\'ve been experiencing a headache for three days, occurring twice a day. To better understand your condition, could you please rate the severity of your headache on a scale of 1 to 10?','2026-02-19 15:05:43'),(775,36,'user','7','2026-02-19 15:05:47'),(776,36,'ai','You\'ve shared with me that you\'re experiencing a headache that\'s been ongoing for three days, with a severity of 7/10, and it occurs twice a day. Are there any OTHER symptoms you\'d like to mention?','2026-02-19 15:05:48'),(777,36,'user','No','2026-02-19 15:05:52'),(778,36,'ai','Thank you for sharing your symptoms with me. To summarize, you\'ve been experiencing a headache for three days, with a severity of 7/10, occurring two times every day. I appreciate your time and information. Goodbye.','2026-02-19 15:05:53'),(779,36,'user','Hu','2026-02-19 15:06:30'),(780,36,'ai','You\'ve shared with me that you\'re experiencing a headache that\'s been ongoing for three days, with a severity of 7/10, and it occurs twice a day. Are there any OTHER symptoms you\'d like to mention?','2026-02-19 15:06:31'),(781,37,'user','I have a headache and it’s been for 4days','2026-02-19 15:20:20'),(782,37,'ai','You\'ve been experiencing a headache for 4 days. To better understand your condition, can you please rate the severity of your headache on a scale of 1 to 10, with 1 being mild and 10 being the most severe?','2026-02-19 15:20:21'),(783,37,'user','6','2026-02-19 15:20:29'),(784,37,'ai','You\'ve been experiencing a headache for 4 days with a severity of 6/10. Can you please tell me how often the headache happens?','2026-02-19 15:20:30'),(785,37,'user','Twice a day','2026-02-19 15:20:38'),(786,37,'ai','You\'ve been experiencing a headache for 4 days with a severity of 6/10, occurring twice a day. Besides the headache, are there any OTHER symptoms you\'d like to mention?','2026-02-19 15:20:39'),(787,37,'user','Yes I’ve been coughing really bad','2026-02-19 15:20:54'),(788,37,'ai','You\'ve mentioned a headache for 4 days with a severity of 6/10, occurring twice a day, and also a cough. To better understand your condition, could you please rate the severity of your cough on a scale of 1 to 10?','2026-02-19 15:20:55'),(789,37,'user','6','2026-02-19 15:20:59'),(790,37,'ai','You\'ve mentioned a headache for 4 days with a severity of 6/10, occurring twice a day, and also a cough with a severity of 6/10. To better understand your condition, can you please tell me how long you\'ve had the cough?','2026-02-19 15:21:01'),(791,37,'user','3weeks','2026-02-19 15:21:08'),(792,37,'ai','You\'ve had a headache for 4 days with a severity of 6/10, occurring twice a day, and a cough for 3 weeks with a severity of 6/10. To better understand your condition, could you please tell me how often the cough happens?','2026-02-19 15:21:09'),(793,37,'user','Every hour','2026-02-19 15:21:19'),(794,37,'ai','You\'ve had a headache for 4 days with a severity of 6/10, occurring every hour, and a cough for 3 weeks with a severity of 6/10. To better understand your condition, could you please tell me how often the cough happens?','2026-02-19 15:21:20'),(795,37,'user','Every hour','2026-02-19 15:21:26'),(796,37,'ai','You\'ve mentioned a headache and a cough as your symptoms. To ensure I have a complete understanding of your condition, are there any OTHER symptoms you\'d like to mention?','2026-02-19 15:21:27'),(797,37,'user','No','2026-02-19 15:21:33'),(798,37,'ai','Thank you for sharing your symptoms with me. To summarize, you\'ve been experiencing a headache for 4 days with a severity of 6/10, occurring every hour, and a cough for 3 weeks with a severity of 6/10, also occurring every hour. I appreciate your time and cooperation. Goodbye.','2026-02-19 15:21:34'),(799,38,'user','Hi I have a headache and it’s been going on for 3weeks','2026-02-19 15:36:52'),(800,38,'ai','You\'ve been experiencing a headache for 3 weeks. To better understand your condition, can you please rate the severity of your headache on a scale of 1 to 10, with 1 being mild and 10 being extremely severe?','2026-02-19 15:36:53'),(801,38,'user','6','2026-02-19 15:36:57'),(802,38,'ai','You\'ve been experiencing a headache for 3 weeks with a severity of 6/10. Can you tell me how often the headache happens?','2026-02-19 15:36:58'),(803,38,'user','Twice weeksy','2026-02-19 15:37:04'),(804,38,'ai','You\'ve been experiencing a headache for 3 weeks, with a severity of 6/10, and it occurs twice a week. Are there any OTHER symptoms you\'d like to mention?','2026-02-19 15:37:05'),(805,38,'user','I’ve been bleeding from my nose','2026-02-19 15:37:18'),(806,38,'ai','You\'ve mentioned a nosebleed in addition to your headaches, which you\'ve been experiencing for 3 weeks with a severity of 6/10, occurring twice a week. To better understand your condition, could you please rate the severity of your nosebleed on a scale of 1 to 10?','2026-02-19 15:37:19'),(807,38,'user','4','2026-02-19 15:37:24'),(808,38,'ai','You\'ve been experiencing a headache for 3 weeks, with a severity of 6/10, occurring twice a week, and you\'ve also had a nosebleed with a severity of 4/10. Additionally, you mentioned an unknown symptom with a severity of 4/10. Can you please tell me how long you\'ve had this unknown symptom?','2026-02-19 15:37:25'),(809,38,'user','The unknown symptom is the nose bleed','2026-02-19 15:37:45'),(810,38,'ai','You\'ve confirmed the unknown symptom is the nosebleed, which you\'ve rated as 4/10 in severity. To better understand your condition, could you please tell me how long you\'ve had the nosebleed?','2026-02-19 15:37:46'),(811,38,'user','Happened once yesterday','2026-02-19 15:38:02'),(812,38,'ai','You\'ve experienced a headache for 3 weeks, with a severity of 6/10, occurring twice a week, and a nosebleed that occurred once yesterday with a severity of 4/10. Are there any OTHER symptoms you\'d like to mention?','2026-02-19 15:38:03'),(813,38,'user','No','2026-02-19 15:38:15'),(814,38,'ai','Thank you for sharing your symptoms with me. To summarize, you\'ve been experiencing a headache for 3 weeks, with a severity of 6/10, occurring twice a week, and a nosebleed that occurred once with a severity of 4/10. I appreciate your time and have collected all the necessary information. Goodbye.','2026-02-19 15:38:17'),(815,39,'user','I have a cough and headache','2026-02-19 15:58:52'),(816,39,'ai','You\'ve mentioned having a headache. Could you please tell me how severe your headache is, on a scale of 1 to 10?','2026-02-19 15:58:53'),(817,39,'user','The could is 6 and the headache is 5','2026-02-19 15:59:12'),(818,39,'ai','You\'ve mentioned having a headache with a severity of 5/10. Could you please tell me how long you\'ve had the headache?','2026-02-19 15:59:14'),(819,39,'user','I’ve had the headache for 3weekz and the cough for 2months','2026-02-19 15:59:31'),(820,39,'ai','You\'ve had the headache for 3 weeks with a severity of 5/10. To better understand your condition, could you please tell me how often the headache happens?','2026-02-19 15:59:33'),(821,39,'user','Headache happens twice an hour and cough happens twice daily','2026-02-19 16:00:49'),(822,39,'ai','You\'ve mentioned experiencing a cough and a headache. To ensure I have a complete understanding of your condition, are there any other symptoms you\'d like to mention besides the cough and headache?','2026-02-19 16:00:50'),(823,39,'user','No','2026-02-19 16:01:00'),(824,39,'ai','Thank you for sharing your symptoms with me. To summarize, you\'ve been experiencing a cough for 2 months with a severity of 6/10, occurring twice daily, and a headache for 3 weeks with a severity of 5/10, occurring twice an hour. I appreciate your time and information. Goodbye.','2026-02-19 16:01:02'),(825,40,'user','I have a headache and a cough','2026-02-23 16:59:01'),(826,40,'ai','You\'ve mentioned having a headache and a cough. To better understand your condition, could you please tell me how severe your cough is, on a scale of 1 to 10?','2026-02-23 16:59:03'),(827,40,'user','Headache is going on for three days and happens twice daily','2026-02-23 16:59:26'),(828,40,'ai','You\'ve mentioned having a headache and a cough. To recap, your headache has been going on for 3 days and occurs twice daily. Now, to better understand your cough, could you please tell me how severe your cough is, on a scale of 1 to 10?','2026-02-23 16:59:27'),(829,40,'user','10','2026-02-23 16:59:42'),(830,40,'ai','You\'ve mentioned having a headache and a cough. To recap, your headache has been going on for 3 days, occurs twice daily, and is severe, ranking 10/10. Now, to better understand your cough, could you please tell me how severe your cough is, on a scale of 1 to 10?','2026-02-23 16:59:43'),(831,40,'user','10','2026-02-23 16:59:47'),(832,40,'ai','You\'ve mentioned having a headache and a cough. To recap, your headache has been going on for 3 days, occurs twice daily, and is severe, ranking 10/10. Your cough is also severe, ranking 10/10. Could you please tell me how long you\'ve had the cough?','2026-02-23 16:59:48'),(833,40,'user','2weeks','2026-02-23 16:59:54'),(834,40,'ai','You\'ve mentioned having a headache and a cough. To recap, your headache has been going on for 2 weeks, occurs twice daily, and is severe, ranking 10/10. Your cough is also severe, ranking 10/10, and you\'ve had it for 2 weeks. Now, to better understand your symptoms, I\'d like to confirm: how long have you had the cough?','2026-02-23 16:59:56'),(835,40,'user','2weeks','2026-02-23 17:00:01'),(836,40,'ai','You\'ve had a headache and a cough for 2 weeks, with the headache occurring twice daily and both symptoms being very severe. To better understand your cough, could you please tell me how often it happens?','2026-02-23 17:00:02'),(837,40,'user','Every day the cough happens','2026-02-23 17:00:16'),(838,40,'ai','You\'ve shared with me that you\'re experiencing a headache and a cough. To recap, your symptoms include a headache that occurs twice daily, with a severity of 10/10, and has lasted for 2 weeks, as well as a cough that happens every day, also with a severity of 10/10, and has lasted for 2 weeks. Are there any other symptoms you\'d like to mention?','2026-02-23 17:00:18'),(839,40,'user','No','2026-02-23 17:00:21'),(840,40,'ai','Thank you for sharing your symptoms with me. To summarize, you\'ve been experiencing a headache with a severity of 10/10, occurring twice daily, and lasting for 2 weeks, as well as a cough with a severity of 10/10, happening every day, and also lasting for 2 weeks. I appreciate your time and have collected all the necessary information. Goodbye.','2026-02-23 17:00:23'),(841,41,'user','I have a headache','2026-03-12 10:26:11'),(842,41,'ai','You\'ve mentioned having a headache. Can you please rate the severity of your headache on a scale of 1 to 10, with 1 being mild and 10 being extremely severe?','2026-03-12 10:26:14'),(843,41,'user','10','2026-03-12 10:26:52'),(844,41,'ai','You\'ve rated your headache as 10/10 in terms of severity. Can you please tell me how long you\'ve had this headache?','2026-03-12 10:26:53'),(845,42,'user','I have a headache','2026-03-12 10:36:00'),(846,42,'ai','You\'ve mentioned having a headache. To better understand your condition, could you please rate the severity of your headache on a scale of 1 to 10, with 1 being mild and 10 being extremely severe?','2026-03-12 10:36:02'),(847,42,'user','10','2026-03-12 10:36:23'),(848,42,'ai','You\'ve rated your headache as 10/10 in terms of severity. Can you please tell me how long you\'ve had the headache?','2026-03-12 10:36:24'),(849,42,'user','3 weeks','2026-03-12 10:36:34'),(850,42,'ai','You\'ve been experiencing a headache for 3 weeks with a severity of 10/10. Can you tell me how often the headache happens?','2026-03-12 10:36:35'),(851,42,'user','twice every week on Saturday','2026-03-12 10:36:48'),(852,42,'ai','You\'ve shared with me that you\'ve been experiencing a severe headache for 3 weeks, occurring twice every week on Saturdays. Are there any other symptoms you\'d like to mention besides the headache?','2026-03-12 10:36:49'),(853,42,'user','no','2026-03-12 10:37:00'),(854,42,'ai','Thank you for sharing your symptoms with me. To summarize, you\'ve been experiencing a headache for 3 weeks with a severity of 10/10, occurring twice every week on Saturdays. I appreciate the time you took to speak with me today. Goodbye.','2026-03-12 10:37:01'),(855,43,'user','I have a headache','2026-03-24 09:46:58'),(856,43,'user','Huh','2026-03-24 09:47:13'),(857,43,'user','I have a headache','2026-03-24 09:59:01'),(858,43,'user','I have a headache','2026-03-24 10:07:59'),(859,43,'user','I have a headache','2026-03-24 10:15:11'),(860,43,'user','I have a headache','2026-03-24 10:16:44'),(861,43,'user','I have a headache','2026-03-24 10:25:24'),(862,43,'ai','I\'m having trouble understanding. Could you please rephrase that?','2026-03-24 10:25:26'),(863,43,'user','Headache','2026-03-24 10:25:38'),(864,43,'ai','I\'m having trouble understanding. Could you please rephrase that?','2026-03-24 10:25:39'),(865,43,'user','What’s your purpose','2026-03-24 10:26:01'),(866,43,'ai','I\'m having trouble understanding. Could you please rephrase that?','2026-03-24 10:26:02'),(867,43,'user','I have a headache','2026-03-24 10:37:13'),(868,43,'ai','I\'m having trouble understanding. Could you please rephrase that?','2026-03-24 10:37:13'),(869,43,'user','Howw','2026-03-24 10:37:18'),(870,43,'ai','I\'m having trouble understanding. Could you please rephrase that?','2026-03-24 10:37:18'),(871,43,'user','Work','2026-03-24 10:40:56'),(872,43,'ai','I\'m having trouble understanding. Could you please rephrase that?','2026-03-24 10:40:56'),(873,43,'user','Headache','2026-03-24 10:43:14'),(874,43,'ai','I\'m having trouble understanding. Could you please rephrase that?','2026-03-24 10:43:16'),(875,43,'user','Headache','2026-03-24 10:46:27'),(876,43,'user','Headache','2026-03-24 10:47:25'),(877,43,'ai','You\'ve reported having a Headache. To better understand your condition, could you please rate the severity of your Headache on a scale of 1 to 10, with 1 being mild and 10 being extremely severe?','2026-03-24 10:47:27'),(878,43,'user','10','2026-03-24 10:47:36'),(879,43,'ai','You\'ve reported having a severe Headache, rating it 10/10. Can you please tell me how long you\'ve had this Headache?','2026-03-24 10:47:37'),(880,43,'user','Two weeks','2026-03-24 10:47:42'),(881,43,'ai','You\'ve been experiencing a severe Headache for two weeks. To further understand your condition, could you please tell me how often the Headache happens?','2026-03-24 10:47:43'),(882,43,'user','5times a week','2026-03-24 10:47:53'),(883,43,'ai','You\'ve reported having a severe Headache for two weeks, occurring 5 times a week, with a severity of 10/10. Are there any OTHER symptoms you\'d like to mention?','2026-03-24 10:47:54'),(884,43,'user','Yes a cough','2026-03-24 10:48:01'),(885,43,'ai','You\'ve reported a Headache and a Cough. To better understand your condition, I\'d like to know more about the Cough. Could you please rate the severity of your Cough on a scale of 1 to 10?','2026-03-24 10:48:02'),(886,43,'user','5','2026-03-24 10:48:04'),(887,43,'ai','You\'ve reported a Headache and a Cough. To better understand your condition, I\'d like to summarize: you have a Headache with a duration of two weeks, severity of 5/10, and frequency of 5 times a week, and a Cough with a severity of 5/10. Could you please tell me how long you\'ve had the Cough?','2026-03-24 10:48:06'),(888,43,'user','Three days','2026-03-24 10:49:05'),(889,43,'ai','You\'ve reported a Headache and a Cough. To better understand your condition, I\'d like to summarize: you have a Headache with a duration of two weeks, severity of 5/10, and frequency of 5 times a week, and a Cough with a duration of three days and severity of 5/10. Could you please tell me how often the Cough happens?','2026-03-24 10:49:06'),(890,43,'user','5 times weekly','2026-03-24 10:49:15'),(891,43,'ai','You\'ve reported a Headache and a Cough. To confirm, you have a Headache with a duration of two weeks, severity of 5/10, and frequency of 5 times a week, and a Cough with a duration of three days, severity of 5/10, and frequency of 5 times a week. Are there any OTHER symptoms you\'d like to mention?','2026-03-24 10:49:16'),(892,43,'user','I also have a cat allergy and back pain','2026-03-24 10:49:32'),(893,43,'ai','You\'ve reported a Headache, a Cough, a cat allergy, and Back pain. To better understand your condition, could you please tell me how severe your Back pain is, on a scale of 1 to 10?','2026-03-24 10:49:33'),(894,43,'user','10','2026-03-24 10:49:40'),(895,43,'ai','You\'ve reported a Headache, a Cough, a cat allergy, and Back pain. To better understand your condition, could you please tell me how severe your Back pain is, on a scale of 1 to 10?','2026-03-24 10:49:42'),(896,43,'user','What are my symptoms','2026-03-24 10:53:21'),(897,43,'ai','You\'ve reported several symptoms, including Headache, Cough, cat allergy, and Back pain. To better understand your condition, could you please tell me how severe your Back pain is, on a scale of 1 to 10?','2026-03-24 10:53:22'),(898,43,'user','10','2026-03-24 10:53:33'),(899,43,'ai','You\'ve reported several symptoms, including Headache, Cough, cat allergy, and Back pain. To better understand your condition, could you please tell me how severe your Back pain is, on a scale of 1 to 10?','2026-03-24 10:53:34'),(900,43,'user','5','2026-03-24 10:54:00'),(901,43,'ai','You\'ve reported several symptoms, including Headache, Cough, cat allergy, and Back pain. To better understand your condition, could you please tell me how severe your Back pain is, on a scale of 1 to 10?','2026-03-24 10:54:02'),(902,43,'user','The back pain is 5','2026-03-24 10:54:17'),(903,43,'ai','You\'ve reported a severity of 5 for your Back pain. To further understand your condition, could you please tell me how long you\'ve been experiencing the Back pain?','2026-03-24 10:54:18'),(904,43,'user','2months','2026-03-24 10:54:27'),(905,43,'ai','You\'ve reported a severity of 5 for your Back pain. To further understand your condition, could you please tell me how long you\'ve been experiencing the Back pain?','2026-03-24 10:54:28'),(906,43,'user','Back pain is 2months','2026-03-24 10:54:37'),(907,43,'ai','You\'ve mentioned that your Back pain has been ongoing for 2 months with a severity of 5/10. Could you please tell me how often the Back pain happens?','2026-03-24 10:54:39'),(908,43,'user','It happens twice daily','2026-03-24 10:56:41'),(909,43,'ai','You\'ve reported a Cat allergy among your symptoms, which include Headache, Cough, Cat allergy, and Back pain. To better understand your condition, could you please rate the severity of your Cat allergy on a scale of 1 to 10?','2026-03-24 10:56:43'),(910,43,'user','The back pain happens three times daily','2026-03-24 10:57:00'),(911,43,'ai','You\'ve mentioned a Cat allergy among your symptoms, which also include Headache, Cough, and Back pain. To better understand your condition, could you please rate the severity of your Cat allergy on a scale of 1 to 10?','2026-03-24 10:57:02'),(912,43,'user','The cat allegedly is 2','2026-03-24 10:57:35'),(913,43,'ai','You\'ve reported a Cat allergy, along with Headache, Cough, and Back pain, as part of your symptoms. To better understand your condition, could you please rate the severity of your Cat allergy on a scale of 1 to 10?','2026-03-24 10:57:36'),(914,43,'user','The cat allergy is 2','2026-03-24 10:57:49'),(915,43,'ai','You\'ve reported a Cat allergy with a severity of 2/10, along with other symptoms such as Headache, Cough, and Back pain. To better understand your condition, can you please tell me how long you\'ve had the Cat allergy?','2026-03-24 10:57:51'),(916,43,'user','3years','2026-03-24 11:00:10'),(917,43,'ai','You\'ve reported a Cat allergy, along with Headache, Cough, and Back pain, as part of your symptoms. To better understand your condition, could you please tell me how long you\'ve had the Cat allergy?','2026-03-24 11:00:12'),(918,43,'user','Three years','2026-03-24 11:00:29'),(919,43,'ai','You\'ve reported a Cat allergy, along with Headache, Cough, and Back pain, as part of your symptoms. To better understand your condition, could you please tell me how long you\'ve had the Cat allergy?','2026-03-24 11:00:31'),(920,43,'user','Three monthsb','2026-03-24 11:00:38'),(921,43,'ai','You\'ve reported a Cat allergy, along with Headache, Cough, and Back pain, as part of your symptoms. To better understand your condition, could you please tell me how long you\'ve had the Cat allergy?','2026-03-24 11:00:39'),(922,43,'user','Three months','2026-03-24 11:01:47'),(923,43,'user','Three months','2026-03-24 11:02:34'),(924,43,'user','Three months','2026-03-24 11:04:48'),(925,43,'ai','You\'ve reported a Cat allergy, along with Headache, Cough, and Back pain, as part of your symptoms. To better understand your condition, could you please tell me how long you\'ve had the Cat allergy?','2026-03-24 11:04:49'),(926,43,'user','Two weeks','2026-03-24 11:04:58'),(927,43,'ai','You\'ve reported a Cat allergy, along with Headache, Cough, and Back pain, as part of your symptoms. To better understand your condition, could you please tell me how long you\'ve had the Cat allergy?','2026-03-24 11:04:59'),(928,44,'user','I have a headache cough and back pain','2026-03-24 11:06:03'),(929,44,'ai','You\'ve mentioned having a headache, cough, and back pain. To better understand your condition, could you please tell me how severe your back pain is, on a scale of 1 to 10?','2026-03-24 11:06:05'),(930,44,'user','10','2026-03-24 11:06:12'),(931,44,'ai','You\'ve mentioned having a headache, cough, and back pain. To better understand your condition, could you please tell me how severe your back pain is, on a scale of 1 to 10?','2026-03-24 11:06:13'),(932,44,'user','10','2026-03-24 11:10:14'),(933,44,'ai','You\'ve mentioned having a headache, cough, and back pain. To better understand your condition, could you please tell me how severe your back pain is, on a scale of 1 to 10?','2026-03-24 11:10:15'),(934,44,'user','5','2026-03-24 11:10:19'),(935,44,'ai','You\'ve mentioned having a headache, cough, and back pain. To better understand your condition, could you please tell me how severe your back pain is, on a scale of 1 to 10?','2026-03-24 11:10:20'),(936,44,'user','I have headache cough and backpain','2026-03-24 11:10:40'),(937,44,'ai','You\'ve mentioned having a headache, cough, and back pain. To better understand your condition, could you please tell me how severe your back pain is, on a scale of 1 to 10?','2026-03-24 11:10:41'),(938,44,'user','10','2026-03-24 11:10:51'),(939,44,'ai','You\'ve rated your headache as 10/10 and now your back pain as 10/10 as well. You also mentioned having a cough. To summarize, you\'re experiencing a headache, cough, and back pain. Is there anything else you\'d like to add or any changes in your symptoms?','2026-03-24 11:10:53'),(940,44,'user','No','2026-03-24 11:11:04'),(941,44,'ai','You\'ve mentioned having a headache, cough, and back pain. To better understand your condition, could you please tell me how severe your back pain is, on a scale of 1 to 10?','2026-03-24 11:11:05'),(942,44,'user','5','2026-03-24 11:11:09'),(943,44,'ai','You\'ve mentioned having a headache, cough, and back pain. To better understand your condition, could you please tell me how severe your back pain is, on a scale of 1 to 10?','2026-03-24 11:11:10'),(944,44,'user','Back pain is 5','2026-03-24 11:11:17'),(945,44,'ai','You\'ve already told me that your back pain is 5/10 in terms of severity. Now, could you please tell me how long you\'ve been experiencing this back pain?','2026-03-24 11:11:18'),(946,44,'user','3weeks','2026-03-24 11:11:27'),(947,44,'ai','You\'ve shared that your back pain is 5/10 in severity and has been ongoing for 3 weeks. To further understand your condition, could you please tell me how often the back pain happens?','2026-03-24 11:11:28'),(948,44,'user','5times a day','2026-03-24 11:11:38'),(949,44,'ai','You\'ve shared information about your headache, back pain, and also mentioned having a cough. To better understand your condition, could you please tell me how severe your cough is, on a scale of 1 to 10?','2026-03-24 11:11:39'),(950,44,'user','10','2026-03-24 11:11:43'),(951,44,'ai','You\'ve shared information about your headache, cough, and back pain. To summarize, you\'re experiencing a headache, a cough, and back pain that occurs 5 times a day and has been ongoing for 3 weeks. Could you please tell me how severe your cough is, on a scale of 1 to 10?','2026-03-24 11:11:44'),(952,44,'user','Cough is 10','2026-03-24 11:11:51'),(953,44,'ai','You\'ve mentioned that the severity of your cough is 10/10. To further understand your condition, could you please tell me how long you\'ve had the cough?','2026-03-24 11:11:52'),(954,44,'user','4yrs','2026-03-24 11:11:56'),(955,44,'ai','You\'ve shared that your cough is 10/10 in severity and has been ongoing for 4 years. To better understand your condition, could you please tell me how often the cough happens?','2026-03-24 11:11:57'),(956,44,'user','5times a day','2026-03-24 11:12:03'),(957,44,'ai','You\'ve reported a headache with a severity of 10/10. Can you please tell me how long you\'ve had the headache?','2026-03-24 11:12:04'),(958,44,'user','3 monthsb','2026-03-24 11:12:15'),(959,44,'ai','You\'ve mentioned having a headache for 3 months with a severity of 10/10. To better understand this symptom, could you please tell me how often the headache happens?','2026-03-24 11:12:16'),(960,44,'user','Everyday','2026-03-24 11:12:24'),(961,44,'ai','You\'ve mentioned having a headache, cough, and back pain. To ensure I have a complete understanding of your condition, are there any other symptoms you\'d like to mention besides these?','2026-03-24 11:12:25'),(962,44,'user','A leg pain','2026-03-24 11:12:33'),(963,44,'ai','You\'ve mentioned having a headache, cough, back pain, and leg pain. To better understand your leg pain, could you please rate its severity on a scale of 1 to 10?','2026-03-24 11:12:34'),(964,44,'user','10','2026-03-24 11:12:38'),(965,44,'ai','You\'ve mentioned having a headache, cough, back pain, and leg pain. To better understand your leg pain, could you please rate its severity on a scale of 1 to 10?','2026-03-24 11:12:39'),(966,44,'user','5','2026-03-24 11:12:42'),(967,44,'ai','You\'ve mentioned having a headache, cough, back pain, and leg pain. To better understand your leg pain, could you please rate its severity on a scale of 1 to 10?','2026-03-24 11:12:43'),(968,44,'user','The leg pain is 5','2026-03-24 11:12:51'),(969,44,'ai','You\'ve already mentioned that the leg pain is 5/10 in terms of severity. Now, could you please tell me how long you\'ve been experiencing this leg pain?','2026-03-24 11:12:52'),(970,44,'user','2weeks','2026-03-24 11:12:57'),(971,44,'ai','You\'ve mentioned having a headache, cough, back pain, and leg pain. To better understand your leg pain, can you please tell me how often it happens?','2026-03-24 11:12:58'),(972,44,'user','Every 2hrs','2026-03-24 11:13:06'),(973,44,'ai','You\'ve already mentioned having a headache, cough, back pain, and leg pain. To better understand your leg pain, can you please tell me how often it happens?','2026-03-24 11:13:07'),(974,44,'user','Every hour','2026-03-24 11:13:16'),(975,44,'ai','You\'ve mentioned having a headache, cough, back pain, and leg pain. To better understand your leg pain, can you please tell me how often it happens?','2026-03-24 11:13:17'),(976,44,'user','Every 10hrs leg pain','2026-03-24 11:13:25'),(977,44,'ai','You\'ve already mentioned having a headache, cough, back pain, and leg pain. Are there any OTHER symptoms you\'d like to mention?','2026-03-24 11:13:26'),(978,44,'user','No','2026-03-24 11:13:42'),(979,44,'ai','Thank you for sharing your symptoms with me. To summarize, you\'ve been experiencing a headache for 3 months with a severity of 5/10, occurring every hour, a cough for 4 years with a severity of 10/10, occurring 5 times a day, back pain for 3 weeks with a severity of 5/10, occurring 5 times a day, and leg pain for 2 weeks with a severity of 5/10, occurring every 10 hours. I appreciate your time and information. Goodbye.','2026-03-24 11:13:43'),(980,45,'user','I have diarrhoea and muscle pain','2026-03-24 11:15:13'),(981,45,'ai','You\'ve mentioned experiencing diarrhoea and muscle pain. To better understand your condition, could you please tell me how severe the muscle pain is, on a scale of 1 to 10?','2026-03-24 11:15:14'),(982,45,'user','5','2026-03-24 11:15:18'),(983,45,'ai','You\'ve mentioned experiencing diarrhoea and muscle pain. To better understand your condition, could you please tell me how severe the muscle pain is, on a scale of 1 to 10?','2026-03-24 11:15:19'),(984,45,'user','The muscle pain is 5','2026-03-24 11:16:30'),(985,45,'ai','You\'re experiencing diarrhoea and muscle pain. To better understand your condition, could you please tell me how long you\'ve had the muscle pain?','2026-03-24 11:16:31'),(986,45,'user','2weeks','2026-03-24 11:16:53'),(987,45,'ai','You\'ve mentioned experiencing diarrhoea and muscle pain. To better understand your condition, could you please tell me how long you\'ve had the muscle pain?','2026-03-24 11:16:54'),(988,45,'user','3weeks','2026-03-24 11:17:31'),(989,45,'ai','You\'ve been experiencing diarrhoea for 3 weeks and muscle pain. To better understand your condition, could you please tell me how long you\'ve had the muscle pain?','2026-03-24 11:17:33'),(990,45,'user','Muscle pain 4weeks','2026-03-24 11:18:01'),(991,45,'ai','You\'ve been experiencing diarrhoea for 3 weeks and muscle pain for 4 weeks. To better understand your condition, could you please tell me how often the muscle pain happens?','2026-03-24 11:18:02'),(992,45,'user','Every evening','2026-03-24 11:21:34'),(993,45,'ai','You\'ve been experiencing diarrhoea for 3 weeks and muscle pain for 4 weeks, with the muscle pain occurring every evening. To better understand your condition, could you please tell me how often the diarrhoea happens?','2026-03-24 11:21:35'),(994,45,'user','Everyday','2026-03-24 11:21:42'),(995,45,'ai','You\'ve been experiencing diarrhoea and muscle pain. To ensure I have a complete understanding of your condition, are there any other symptoms you\'d like to mention?','2026-03-24 11:21:43'),(996,45,'user','Yes','2026-03-24 11:21:51'),(997,45,'ai','You\'ve mentioned having another symptom. Could you please specifically name this new symptom, so I can better understand your condition, in addition to the diarrhoea and muscle pain you\'re already experiencing?','2026-03-24 11:21:52'),(998,45,'user','Cough','2026-03-24 11:22:00'),(999,45,'ai','You\'ve mentioned experiencing a cough, in addition to diarrhoea and muscle pain. To better understand your condition, could you please rate the severity of your cough on a scale of 1 to 10?','2026-03-24 11:22:01'),(1000,45,'user','10','2026-03-24 11:22:06'),(1001,45,'ai','You\'ve reported experiencing diarrhoea, muscle pain, and a cough. To better understand your condition, can you please tell me how long you\'ve had the cough?','2026-03-24 11:22:08'),(1002,45,'user','2weeks','2026-03-24 11:22:16'),(1003,45,'ai','You\'ve reported having a cough for 2 weeks with a severity of 10/10. Can you please tell me how often the cough happens?','2026-03-24 11:22:17'),(1004,46,'user','I have headache cough and arm pain','2026-03-24 11:22:59'),(1005,46,'ai','You\'ve mentioned having headache, cough, and arm pain. To better understand your condition, can you please tell me how severe your arm pain is, on a scale of 1 to 10?','2026-03-24 11:23:00'),(1006,46,'user','10','2026-03-24 11:23:10'),(1007,46,'ai','You\'ve mentioned having headache, cough, and arm pain, with your arm pain being a 10 out of 10 in terms of severity. To further understand your condition, could you please tell me how long you\'ve had the arm pain?','2026-03-24 11:23:11'),(1008,46,'user','3weeks','2026-03-24 11:23:20'),(1009,46,'ai','You\'ve mentioned having headache, cough, and arm pain, with your arm pain being a 10 out of 10 in terms of severity and lasting for 3 weeks. To better understand your condition, could you please tell me how often the arm pain happens?','2026-03-24 11:23:21'),(1010,46,'user','5times a day on my left arm','2026-03-24 11:23:35'),(1011,46,'ai','You\'ve mentioned having headache, cough, and arm pain, with your arm pain lasting for 3 weeks, being a 10 out of 10 in terms of severity, and occurring 5 times a day on your left arm. To better understand your condition, could you please tell me how severe your cough is, on a scale of 1 to 10?','2026-03-24 11:23:37'),(1012,46,'user','10','2026-03-24 11:23:44'),(1013,46,'ai','You\'ve mentioned having headache, cough, and arm pain, with your arm pain lasting for 3 weeks, being a 10 out of 10 in terms of severity, and occurring 5 times a day on your left arm, and your cough also being a 10 out of 10 in terms of severity. To better understand your condition, could you please tell me how long you\'ve had the cough?','2026-03-24 11:23:45'),(1014,46,'user','4weks','2026-03-24 11:23:53'),(1015,46,'ai','You\'ve mentioned having headache, cough, and arm pain, with your arm pain lasting for 3 weeks, being a 10 out of 10 in terms of severity, and occurring 5 times a day on your left arm, and your cough lasting for 4 weeks, also being a 10 out of 10 in terms of severity. To better understand your condition, could you please tell me how often the cough happens?','2026-03-24 11:23:55'),(1016,46,'user','Every morning and worse in the evening','2026-03-24 11:24:08'),(1017,46,'ai','You\'ve mentioned having a headache, cough, and arm pain, with your arm pain lasting for 3 weeks, being a 10 out of 10 in terms of severity, and occurring 5 times a day on your left arm, and your cough lasting for 4 weeks, also being a 10 out of 10 in terms of severity, and happening every morning and worsening in the evening. To better understand your condition, could you please rate the severity of your headache on a scale of 1 to 10?','2026-03-24 11:24:09'),(1018,46,'user','10','2026-03-24 11:24:15'),(1019,46,'ai','You\'ve mentioned having a headache, cough, and arm pain, with your arm pain lasting for 3 weeks, being a 10 out of 10 in terms of severity, and occurring 5 times a day on your left arm, and your cough lasting for 4 weeks, also being a 10 out of 10 in terms of severity, and happening every morning and worsening in the evening, and your headache being a 10 out of 10 in terms of severity. Could you please tell me how long you\'ve had the headache?','2026-03-24 11:24:17'),(1020,46,'user','3months','2026-03-24 11:24:21'),(1021,46,'ai','You\'ve had a headache for 3 months, with a severity of 10/10, and you also experience a cough and arm pain. To better understand your condition, could you please tell me how often the headache happens?','2026-03-24 11:24:22'),(1022,46,'user','Everyday','2026-03-24 11:24:30'),(1023,46,'ai','You\'ve shared with me that you\'re experiencing a headache, cough, and arm pain. To ensure I have a complete understanding of your condition, are there any other symptoms you\'d like to mention, in addition to these?','2026-03-24 11:24:31'),(1024,47,'user','I have a headache cough and ear itch','2026-03-24 11:33:26'),(1025,47,'ai','You\'ve mentioned having a headache, cough, and ear itch. To better understand your condition, could you please rate the severity of your ear itch on a scale of 1 to 10, with 1 being mild and 10 being severe?','2026-03-24 11:33:28'),(1026,47,'user','5','2026-03-24 11:33:34'),(1027,47,'ai','You\'ve rated the severity of your ear itch as 5/10. To further understand your condition, could you please tell me how long you\'ve had the ear itch? Also, just to confirm, you\'re still experiencing the headache and cough, in addition to the ear itch, is that correct?','2026-03-24 11:33:36'),(1028,47,'user','Yes','2026-03-24 11:33:47'),(1029,47,'ai','You\'ve confirmed that you\'re still experiencing the headache, cough, and ear itch. You\'ve also mentioned having another symptom. Could you please specifically name this new symptom?','2026-03-24 11:33:48'),(1030,47,'user','There no new symptom','2026-03-24 11:34:03'),(1031,47,'ai','To better understand your condition, could you please tell me how long you\'ve had the ear itch?','2026-03-24 11:34:04'),(1032,47,'user','2weeks','2026-03-24 11:34:09'),(1033,47,'ai','You\'ve mentioned having the ear itch for 2 weeks with a severity of 5/10. To further understand your condition, could you please tell me how often the ear itch happens?','2026-03-24 11:34:10'),(1034,47,'user','5times a day','2026-03-24 11:34:18'),(1035,47,'ai','You\'ve reported having a headache, a cough, and an ear itch. To better understand your condition, could you please tell me how severe your cough is, on a scale of 1 to 10?','2026-03-24 11:34:19'),(1036,47,'user','6','2026-03-24 11:34:23'),(1037,47,'ai','You\'ve mentioned having a headache, a cough with a severity of 6/10, and an ear itch that you\'ve had for 2 weeks. To better understand your condition, could you please tell me how long you\'ve had the cough?','2026-03-24 11:34:24'),(1038,47,'user','Two months','2026-03-24 11:34:30'),(1039,47,'ai','You\'ve reported having a headache, a cough with a severity of 6/10 that\'s lasted for 2 months, and an ear itch that occurs 5 times a day and has lasted for 2 weeks. To better understand your condition, could you please tell me how often the cough happens?','2026-03-24 11:34:31'),(1040,47,'user','Okay','2026-03-24 11:35:06'),(1041,47,'ai','You\'ve reported having a headache, a cough with a severity of 6/10 that\'s lasted for 2 months, and an ear itch that occurs 5 times a day and has lasted for 2 weeks. To better understand your condition, could you please tell me how often the cough happens?','2026-03-24 11:35:07'),(1042,47,'user','threeeeee tunes a weeiink','2026-03-24 11:35:30'),(1043,47,'ai','I didn\'t quite catch that. To clarify, how often does the cough happen? Is it daily, weekly, or something else?','2026-03-24 11:35:31'),(1044,47,'user','Three tymes a month','2026-03-24 11:35:42'),(1045,47,'ai','You\'ve reported having a headache, a cough, and an ear itch. To better understand your condition, could you please tell me how severe the headache is, on a scale of 1 to 10?','2026-03-24 11:35:43'),(1046,48,'user','I have a headache','2026-04-08 09:53:19'),(1047,48,'ai','You\'ve mentioned having a headache. Can you please tell me how severe your headache is, on a scale of 1 to 10?','2026-04-08 09:53:23'),(1048,48,'user','10','2026-04-08 09:53:29'),(1049,48,'ai','You\'ve mentioned having a headache with a severity of 10/10. Can you please tell me how long you\'ve had the headache?','2026-04-08 09:53:30'),(1050,48,'user','Three months','2026-04-08 09:53:36'),(1051,48,'ai','You\'ve been experiencing a headache for 3 months with a severity of 10/10. Can you please tell me how often the headache happens?','2026-04-08 09:53:37'),(1052,48,'user','It happens twice every two weeks','2026-04-08 09:53:47'),(1053,48,'ai','You\'ve shared with me that you\'re experiencing a headache. Before we proceed, I just want to make sure I have a complete understanding of your condition. Are there any other symptoms you\'d like to mention, in addition to the headache?','2026-04-08 09:53:48'),(1054,48,'user','Yes I also have a cough and back ache','2026-04-08 09:54:01'),(1055,48,'ai','You\'ve mentioned experiencing a back ache, in addition to a headache and a cough. To better understand your condition, could you please rate the severity of your back ache on a scale of 1 to 10?','2026-04-08 09:54:03'),(1056,48,'user','10','2026-04-08 09:54:12'),(1057,48,'ai','You\'ve mentioned that the severity of your back ache is 10/10. To further understand your condition, could you please tell me how long you\'ve been experiencing the back ache? Additionally, I want to summarize your symptoms so far: you\'re experiencing a headache that\'s been ongoing for 3 months, a cough, and a back ache with a severity of 10/10.','2026-04-08 09:54:14'),(1058,48,'user','Three months','2026-04-08 09:54:22'),(1059,48,'ai','You\'ve mentioned that your back ache has been ongoing for 3 months with a severity of 10/10. To better understand this symptom, could you please tell me how often the back ache happens?','2026-04-08 09:54:23'),(1060,48,'user','What do you mean','2026-04-08 09:54:35'),(1061,48,'ai','When you experience back ache, how frequently does it occur? For example, is it daily, weekly, or perhaps a few times a month?','2026-04-08 09:54:37'),(1062,48,'user','twice every week','2026-04-08 09:55:02'),(1063,48,'ai','You\'ve reported experiencing a headache, cough, and back ache. To better understand your cough, could you please rate its severity on a scale of 1 to 10, with 1 being mild and 10 being extremely severe?','2026-04-08 09:55:03'),(1064,48,'user','5','2026-04-08 09:55:07'),(1065,48,'ai','You\'ve reported a headache, cough, and back ache. To better understand your condition, can you please tell me how long you\'ve had the cough?','2026-04-08 09:55:08'),(1066,48,'user','Two days','2026-04-08 09:55:16'),(1067,48,'ai','You\'ve reported a headache, cough, and back ache. To better understand your condition, could you please tell me how often the cough happens?','2026-04-08 09:55:17'),(1068,48,'user','Every day','2026-04-08 09:55:22'),(1069,48,'ai','You\'ve reported a headache, cough, and back ache. To ensure I have a complete understanding of your condition, are there any other symptoms you\'d like to mention besides these?','2026-04-08 09:55:23'),(1070,48,'user','No there are none','2026-04-08 09:55:30'),(1071,48,'ai','You\'ve reported a headache, cough, and back ache. To ensure I have a complete understanding of your condition, are there any other symptoms you\'d like to mention besides these?','2026-04-08 09:55:31'),(1072,48,'user','No','2026-04-08 09:55:37'),(1073,48,'ai','Thank you for sharing your symptoms with me. To summarize, you\'ve been experiencing a headache for 3 months with a severity of 10/10, occurring twice every two weeks, a cough for 2 days with a severity of 5/10, occurring every day, and a back ache for 3 months with a severity of 10/10, occurring twice every week. I appreciate your time and cooperation. Goodbye.','2026-04-08 09:55:38'),(1074,49,'user','I have a headache and I think I broke my ankle','2026-04-12 15:28:11'),(1075,49,'ai','You\'ve mentioned a headache and an ankle injury. To better understand your situation, can you please rate the severity of your ankle injury on a scale of 1 to 10?','2026-04-12 15:28:13'),(1076,49,'user','How do you mean','2026-04-12 15:28:37'),(1077,49,'ai','You\'ve mentioned a headache and an ankle injury. To better understand your situation, can you please rate the severity of your ankle injury on a scale of 1 to 10, where 1 is mild and 10 is extremely severe?','2026-04-12 15:28:38'),(1078,49,'user','What is severity of ankle injury ?','2026-04-12 15:29:01'),(1079,49,'ai','You\'ve reported a headache and an ankle injury. To assess your condition, could you please rate the severity of your ankle injury on a scale of 1 to 10, where 1 is mild and 10 is extremely severe? This will help me understand the extent of your ankle injury.','2026-04-12 15:29:02'),(1080,49,'user','What do you mean by severity','2026-04-12 15:29:21'),(1081,49,'ai','You\'ve reported a headache and an ankle injury. To assess your condition, I need to know how severe your ankle injury is. By severity, I mean how much pain or discomfort you\'re experiencing due to the ankle injury. Can you please rate it on a scale of 1 to 10, where 1 is mild and 10 is extremely severe?','2026-04-12 15:29:22'),(1082,49,'user','I would say 8','2026-04-12 15:29:46'),(1083,49,'ai','You\'ve reported a headache and an ankle injury, with the ankle injury severity being 8/10. To better understand your condition, could you please tell me how long you\'ve had the ankle injury?','2026-04-12 15:29:47'),(1084,49,'user','3days now','2026-04-12 15:30:01'),(1085,49,'ai','You\'ve reported a headache and an ankle injury, with the ankle injury lasting for 3 days and a severity of 8/10. To further assess your condition, could you please tell me how often the ankle injury happens?','2026-04-12 15:30:03'),(1086,49,'user','It happen just three days ago','2026-04-12 15:30:19'),(1087,49,'ai','You\'ve reported a headache and an ankle injury, with the ankle injury lasting for 3 days and a severity of 8/10. To better understand your condition, could you please tell me how often the ankle injury happens, is it a recurring issue or just this one incident?','2026-04-12 15:30:20'),(1088,49,'user','Just this one incident','2026-04-12 15:30:29'),(1089,49,'ai','You\'ve reported a headache and an ankle injury, with the ankle injury lasting for 3 days and a severity of 8/10, happening just once. To better understand your condition, could you please tell me the severity of your headache, on a scale of 1 to 10?','2026-04-12 15:30:30'),(1090,49,'user','7','2026-04-12 15:30:37'),(1091,49,'ai','You\'ve reported a headache with a severity of 7/10, and an ankle injury that occurred 3 days ago with a severity of 8/10. To better understand your condition, could you please tell me how long you\'ve had the headache?','2026-04-12 15:30:38'),(1092,49,'user','3 weeks','2026-04-12 15:30:43'),(1093,49,'ai','You\'ve reported a headache lasting for 3 weeks with a severity of 7/10, and an ankle injury that occurred 3 days ago with a severity of 8/10. To better understand your condition, could you please tell me how often the headache happens?','2026-04-12 15:30:44'),(1094,49,'user','Twice a day at 2pm especially','2026-04-12 15:30:56'),(1095,49,'ai','You\'ve reported a headache and an ankle injury. To ensure I have a complete understanding of your condition, are there any OTHER symptoms you\'d like to mention?','2026-04-12 15:30:57'),(1096,49,'user','No','2026-04-12 15:31:37'),(1097,49,'ai','Thank you for sharing your symptoms with me. To summarize, you\'ve experienced a headache with a severity of 7/10, occurring twice a day, for 3 weeks, and an ankle injury with a severity of 8/10 that occurred 3 days ago. I appreciate your time and information. Goodbye.','2026-04-12 15:31:38'),(1098,50,'user','I have a headache','2026-04-24 13:02:40'),(1099,50,'ai','You\'ve mentioned having a headache. Can you please rate the severity of your headache on a scale of 1 to 10, with 1 being mild and 10 being extremely severe?','2026-04-24 13:02:42'),(1100,50,'user','I have a cough and a leg pain','2026-04-24 13:02:58'),(1101,50,'ai','You\'ve mentioned having a headache, a cough, and leg pain. To better understand your condition, can you please rate the severity of your leg pain on a scale of 1 to 10, with 1 being mild and 10 being extremely severe?','2026-04-24 13:02:59'),(1102,50,'user','What is severe','2026-04-24 13:03:34'),(1103,50,'ai','You\'ve reported having a headache, a cough, and leg pain. To better understand your condition, can you please tell me how long you\'ve been experiencing the leg pain?','2026-04-24 13:03:35'),(1104,50,'user','I’m allowing what is the meaning of severe','2026-04-24 13:03:54'),(1105,50,'ai','You\'ve reported having a headache, a cough, and leg pain. To better understand your condition, can you please tell me how long you\'ve been experiencing the leg pain?','2026-04-24 13:03:55'),(1106,50,'user','The severity of my leg pain?','2026-04-24 13:04:06'),(1107,50,'ai','You\'ve reported having a headache, a cough, and leg pain. To better understand your condition, can you please tell me how long you\'ve been experiencing the leg pain?','2026-04-24 13:04:07'),(1108,50,'user','For about a month','2026-04-24 13:04:25'),(1109,50,'ai','You\'ve reported having a headache, a cough, and leg pain. You\'ve mentioned that the leg pain has been going on for about a month and is severe. Can you please tell me how often the leg pain happens?','2026-04-24 13:04:26'),(1110,50,'user','Every day','2026-04-24 13:04:38'),(1111,50,'ai','You\'ve reported having a headache, a cough, and leg pain. To better understand your condition, could you please rate the severity of your cough on a scale of 1 to 10, with 1 being mild and 10 being extremely severe?','2026-04-24 13:04:39'),(1112,50,'user','What is severity?','2026-04-24 13:04:48'),(1113,50,'ai','You\'ve reported having a headache, a cough, and leg pain. To better understand your condition, I\'d like to clarify what I mean by severity. When I ask about the severity of your cough, I\'m referring to how bad or intense it is. On a scale of 1 to 10, with 1 being a very mild cough and 10 being an extremely severe cough, how would you rate your cough?','2026-04-24 13:04:49'),(1114,50,'user','What is the meaning of mild and severe','2026-04-24 13:05:11'),(1115,50,'ai','You\'ve reported having a headache, a cough, and leg pain. To better understand your condition, I\'ll explain the severity scale. Mild means the cough is barely noticeable and doesn\'t bother you much, while severe means the cough is very intense and bothers you a lot. On a scale of 1 to 10, with 1 being mild and 10 being severe, how would you rate the severity of your cough?','2026-04-24 13:05:12'),(1116,50,'user','Fairly severe like a 7','2026-04-24 13:05:33'),(1117,50,'ai','You\'ve reported a headache, a cough, and leg pain. To better understand your condition, could you please tell me how long you\'ve had the cough?','2026-04-24 13:05:34'),(1118,50,'user','5months','2026-04-24 13:06:08'),(1119,50,'ai','You\'ve reported having a headache, a cough, and leg pain. To better understand your cough, could you please tell me how often it happens?','2026-04-24 13:06:09'),(1120,50,'user','Every day','2026-04-24 13:06:14'),(1121,50,'ai','You\'ve reported a headache, a cough, and leg pain. To better understand your condition, could you please tell me how severe the headache is, on a scale of 1 to 10?','2026-04-24 13:06:15'),(1122,50,'user','It’s hurts alot','2026-04-24 13:06:22'),(1123,50,'ai','You\'ve reported having a headache, a cough, and leg pain. To better understand your condition, could you please tell me how long you\'ve had the headache?','2026-04-24 13:06:23'),(1124,50,'user','10','2026-04-24 13:10:41'),(1125,50,'ai','You\'ve rated the headache a 10 out of 10 in terms of severity. Now, could you please tell me how long you\'ve had the headache?','2026-04-24 13:10:42'),(1126,50,'user','5years','2026-04-24 13:10:49'),(1127,50,'ai','You\'ve had the headache for 5 years and it\'s been quite severe. To better understand this, could you please tell me how often the headache happens?','2026-04-24 13:10:50'),(1128,50,'user','Everytime fr','2026-04-24 13:10:59'),(1129,50,'ai','You\'ve shared with me that you\'re experiencing a headache, cough, and leg pain. To ensure I have a complete understanding of your condition, are there any other symptoms you\'d like to mention besides these?','2026-04-24 13:11:00'),(1130,50,'user','No','2026-04-24 13:11:04'),(1131,50,'ai','Thank you for sharing your symptoms with me. To summarize, you\'ve been experiencing a headache for 5 years with a severity of 10/10 that occurs every time, a cough for 5 months with a severity of 7/10 that happens every day, and leg pain for about a month with severe intensity that also occurs every day. I appreciate your time and cooperation. Goodbye.','2026-04-24 13:11:05'),(1132,50,'user','Yes','2026-04-24 13:11:10'),(1133,50,'ai','You mentioned having another symptom. Could you please specifically name this new symptom so I can better understand your condition?','2026-04-24 13:11:11'),(1134,51,'user','I have a headache','2026-04-24 13:14:10'),(1135,51,'ai','You\'ve mentioned having a headache. To better understand your condition, could you please rate the severity of your headache on a scale of 1 to 10, with 1 being mild and 10 being extremely severe?','2026-04-24 13:14:12'),(1136,52,'user','I have a headache','2026-04-24 13:18:15'),(1137,52,'ai','You\'ve mentioned you have a headache. Can you please tell me how severe your headache is, on a scale of 1 to 10?','2026-04-24 13:18:16'),(1138,52,'user','What should I do to ease my headache','2026-04-24 13:18:24'),(1139,52,'ai','You\'ve mentioned you have a headache. To better understand your condition, I would like to know the severity of your headache. Could you please rate it on a scale of 1 to 10? This will help me provide more accurate guidance. Currently, I have noted that you are experiencing a headache, and I will consider this along with any additional information you provide.','2026-04-24 13:18:26'),(1140,52,'user','I need to relieve my headache what medication should I take','2026-04-24 13:18:52'),(1141,52,'ai','I understand you\'re looking to relieve your headache, but to provide the best guidance, I need to know the severity of your headache. Can you please rate it on a scale of 1 to 10? You\'ve reported experiencing a headache, and knowing its severity will help me assist you further.','2026-04-24 13:18:53'),(1142,52,'user','Diagnose me','2026-04-24 13:19:06'),(1143,52,'ai','You\'ve reported experiencing a headache. To better understand your condition, I would like to know the severity of your headache. Could you please rate it on a scale of 1 to 10? This will help me provide more accurate guidance. Currently, I have noted that you are experiencing a headache.','2026-04-24 13:19:08'),(1144,52,'user','I have a cough and back pain','2026-04-24 13:19:20'),(1145,52,'ai','You\'ve reported experiencing a headache, cough, and back pain. To better understand your condition, I\'d like to know more about the severity of your back pain. Can you please rate it on a scale of 1 to 10?','2026-04-24 13:19:22'),(1146,52,'user','Describe symptoms','2026-04-24 13:19:30'),(1147,52,'ai','You\'ve reported experiencing a headache, cough, and back pain. To better understand your condition, I\'d like to know more about the severity of your back pain. Can you please rate it on a scale of 1 to 10?','2026-04-24 13:19:32'),(1148,52,'user','5','2026-04-24 13:19:40'),(1149,52,'ai','You\'ve rated your back pain a 5 out of 10. To further assess your condition, can you please tell me how long you\'ve been experiencing the back pain?','2026-04-24 13:19:41'),(1150,52,'user','Two months','2026-04-24 13:19:48'),(1151,52,'ai','You\'ve been experiencing back pain for 2 months with a severity of 5/10. Can you please tell me how often the back pain happens?','2026-04-24 13:19:49'),(1152,52,'user','Tiri deys','2026-04-24 13:19:56'),(1153,52,'ai','You mentioned experiencing back pain for 2 months with a severity of 5/10. To better understand your condition, could you please clarify what you mean by Tiri deys in terms of how often the back pain happens? Additionally, I want to make sure I have all your symptoms noted: you\'ve also mentioned having headaches and a cough. We\'ll discuss those further after clarifying your back pain frequency.','2026-04-24 13:19:57'),(1154,52,'user','Three days','2026-04-24 13:20:09'),(1155,52,'ai','You\'ve mentioned experiencing back pain for 3 days with a severity of 5/10. To better understand this, could you please tell me how often the back pain happens? Additionally, I want to confirm that I have all your symptoms noted: you\'re also experiencing headaches and a cough.','2026-04-24 13:20:10'),(1156,52,'user','Every days','2026-04-24 13:20:22'),(1157,52,'ai','You\'re experiencing a headache, a cough, and back pain, which has been present for 3 days with a severity of 5/10 and occurs every day. To better understand your condition, could you please rate the severity of your cough on a scale of 1 to 10?','2026-04-24 13:20:24'),(1158,52,'user','Ten','2026-04-24 13:20:35'),(1159,52,'ai','You\'ve reported a headache, a cough with a severity of 10/10, and back pain that\'s been present for 3 days. To better understand your condition, could you please tell me how long you\'ve had the cough?','2026-04-24 13:20:37'),(1160,52,'user','Fwur weeks','2026-04-24 13:20:46'),(1161,52,'ai','You\'ve reported a headache, a cough that\'s been present for 4 weeks with a severity of 10/10, and back pain. To better understand your condition, could you please tell me how often the cough happens?','2026-04-24 13:20:48'),(1162,52,'user','Evey day','2026-04-24 13:21:01'),(1163,52,'ai','You\'ve reported a headache, a cough, and back pain. To better understand your condition, could you please tell me how severe the headache is, on a scale of 1 to 10?','2026-04-24 13:21:02'),(1164,52,'user','Sx','2026-04-24 13:21:06'),(1165,52,'ai','You\'ve reported a headache, a cough that\'s been present for 4 weeks, and back pain that started 3 days ago. To better understand your condition, could you please tell me how severe the headache is, on a scale of 1 to 10?','2026-04-24 13:21:08'),(1166,52,'user','6','2026-04-24 13:21:10'),(1167,52,'ai','You\'ve reported a headache with a severity of 6/10, along with a cough and back pain. To better understand your condition, could you please tell me how long you\'ve had the headache?','2026-04-24 13:21:12'),(1168,52,'user','Two years','2026-04-24 13:21:20'),(1169,52,'ai','You\'ve reported a headache, a cough, and back pain. To better understand your condition, could you please tell me how often the headache happens?','2026-04-24 13:21:21'),(1170,52,'user','Twice daily','2026-04-24 13:21:30'),(1171,52,'ai','You\'ve reported a headache, a cough, and back pain. To ensure I have a complete understanding of your condition, are there any other symptoms you\'d like to mention besides these?','2026-04-24 13:21:31'),(1172,52,'user','Diagnose symptoms','2026-04-24 13:21:36'),(1173,52,'ai','You\'ve reported a headache, a cough, and back pain. To ensure I have a complete understanding of your condition, are there any other symptoms you\'d like to mention besides these?','2026-04-24 13:21:37'),(1174,52,'user','Mo','2026-04-24 13:21:41'),(1175,52,'ai','You\'ve reported a headache, a cough, back pain, and an unknown symptom. To better understand the unknown symptom, could you please rate its severity on a scale of 1 to 10, with 1 being mild and 10 being the most severe?','2026-04-24 13:21:42'),(1176,52,'user','Remove the unknown','2026-04-24 13:21:57'),(1177,52,'ai','You\'ve reported a headache, a cough, and back pain. To ensure I have a complete understanding of your condition, are there any other symptoms you\'d like to mention besides these?','2026-04-24 13:21:58'),(1178,52,'user','No','2026-04-24 13:22:03'),(1179,52,'ai','Thank you for sharing your symptoms with me. To summarize, you\'ve been experiencing a headache for 2 years with a severity of 6/10 and occurring twice daily, a cough for 4 weeks with a severity of 10/10 and occurring every day, and back pain for 3 days with a severity of 5/10 and occurring every day. I appreciate the time you\'ve taken to speak with me today. Goodbye.','2026-04-24 13:22:04'),(1180,52,'user','Diagnose symptoms','2026-04-24 13:22:10'),(1181,52,'ai','You\'ve reported a headache, a cough, back pain, and an unknown symptom. To better understand your condition, could you please rate the severity of the unknown symptom on a scale of 1 to 10?','2026-04-24 13:22:11'),(1182,52,'user','No','2026-04-24 13:22:20'),(1183,52,'ai','I understand that you\'re not willing to provide the severity of the unknown symptom at this moment. However, to better assist you, I would like to ask again: could you please rate the severity of the unknown symptom on a scale of 1 to 10?','2026-04-24 13:22:22'),(1184,52,'user','Remove the unknown it’s not a symptom','2026-04-24 13:22:33'),(1185,52,'ai','You\'ve reported a headache, a cough, and back pain. I want to make sure I have a complete understanding of your condition. Are there any other symptoms you\'d like to mention?','2026-04-24 13:22:34'),(1186,52,'user','No','2026-04-24 13:22:37'),(1187,52,'ai','Thank you for sharing your symptoms with me. To summarize, you\'ve been experiencing a headache for 2 years, with a severity of 6/10, and a frequency of twice daily. Additionally, you\'ve had a cough for 4 weeks, with a severity of 10/10, occurring every day. You\'ve also reported back pain for 3 days, with a severity of 5/10, happening every day. I appreciate the time you\'ve taken to speak with me, and I bid you goodbye.','2026-04-24 13:22:39'),(1188,53,'user','I have a headache','2026-04-30 14:34:04'),(1189,53,'ai','You\'ve mentioned having a headache. Can you please rate the severity of your headache on a scale of 1 to 10, with 1 being mild and 10 being extremely severe?','2026-04-30 14:34:06'),(1190,54,'user','I have a headache and a cough','2026-04-30 18:09:55'),(1191,54,'ai','You\'ve mentioned having a headache and a cough. To better understand your condition, could you please rate the severity of your cough on a scale of 1 to 10?','2026-04-30 18:09:56');
/*!40000 ALTER TABLE `messages` ENABLE KEYS */;
UNLOCK TABLES;

--
-- Table structure for table `sessions`
--

DROP TABLE IF EXISTS `sessions`;
/*!40101 SET @saved_cs_client     = @@character_set_client */;
/*!50503 SET character_set_client = utf8mb4 */;
CREATE TABLE `sessions` (
  `id` int NOT NULL AUTO_INCREMENT,
  `appointment_id` int NOT NULL,
  `started_at` datetime DEFAULT CURRENT_TIMESTAMP,
  `ended_at` datetime DEFAULT NULL,
  PRIMARY KEY (`id`),
  KEY `idx_appointment_id` (`appointment_id`),
  CONSTRAINT `fk_sessions_appointment` FOREIGN KEY (`appointment_id`) REFERENCES `appointments` (`id`) ON DELETE CASCADE
) ENGINE=InnoDB AUTO_INCREMENT=55 DEFAULT CHARSET=utf8mb4 COLLATE=utf8mb4_unicode_ci;
/*!40101 SET character_set_client = @saved_cs_client */;

--
-- Dumping data for table `sessions`
--

LOCK TABLES `sessions` WRITE;
/*!40000 ALTER TABLE `sessions` DISABLE KEYS */;
INSERT INTO `sessions` VALUES (1,7,'2025-12-31 22:21:31','2026-02-19 15:43:20'),(2,8,'2025-12-31 22:22:35','2026-02-19 15:43:20'),(3,9,'2025-12-31 22:25:11','2026-02-19 15:43:20'),(4,10,'2025-12-31 22:26:39','2026-02-19 15:43:20'),(5,11,'2025-12-31 23:25:09','2026-02-19 15:43:20'),(6,12,'2025-12-31 23:32:24','2026-02-19 15:43:20'),(7,13,'2025-12-31 23:40:06','2026-02-19 15:43:20'),(8,14,'2026-01-01 16:02:24','2026-02-19 15:43:20'),(9,15,'2026-01-02 15:18:48','2026-02-19 15:43:20'),(10,16,'2026-01-02 15:23:10','2026-02-19 15:43:20'),(11,17,'2026-01-02 16:28:24','2026-02-19 15:43:20'),(12,18,'2026-01-02 16:55:58','2026-02-19 15:43:20'),(13,19,'2026-01-02 17:31:55','2026-02-19 15:43:20'),(14,22,'2026-01-02 20:42:10','2026-02-19 15:43:20'),(15,23,'2026-01-02 20:54:58','2026-02-19 15:43:20'),(16,24,'2026-01-02 21:08:39','2026-02-19 15:43:20'),(17,26,'2026-01-31 14:46:19','2026-02-19 15:43:20'),(18,27,'2026-01-31 15:02:36','2026-02-19 15:43:20'),(19,28,'2026-01-31 15:03:33','2026-02-19 15:43:20'),(20,29,'2026-01-31 15:09:09','2026-02-19 15:43:20'),(21,30,'2026-01-31 15:10:34','2026-02-19 15:43:20'),(22,31,'2026-01-31 22:13:44','2026-02-19 15:43:20'),(23,32,'2026-01-31 22:29:06','2026-02-19 15:43:20'),(24,34,'2026-01-31 22:35:47','2026-02-19 15:43:20'),(25,35,'2026-01-31 22:42:00','2026-02-19 15:43:20'),(26,37,'2026-01-31 23:00:34','2026-02-19 15:43:20'),(27,39,'2026-01-31 23:16:55','2026-02-19 15:43:20'),(28,40,'2026-01-31 23:22:10','2026-02-19 15:43:20'),(29,42,'2026-01-31 23:29:57','2026-02-19 15:43:20'),(30,43,'2026-01-31 23:39:13','2026-02-19 15:43:20'),(31,46,'2026-01-31 23:44:45','2026-02-19 15:43:20'),(32,47,'2026-02-02 12:08:25','2026-02-19 15:43:20'),(33,48,'2026-02-03 22:55:36','2026-02-19 15:43:20'),(34,49,'2026-02-04 00:38:52','2026-02-19 15:43:20'),(35,51,'2026-02-19 14:06:52','2026-02-19 15:43:20'),(36,52,'2026-02-19 15:04:33','2026-02-19 15:19:42'),(37,53,'2026-02-19 15:20:11','2026-02-19 15:22:09'),(38,54,'2026-02-19 15:36:37','2026-02-19 15:38:25'),(39,55,'2026-02-19 15:58:43','2026-02-19 16:01:49'),(40,56,'2026-02-23 16:58:53','2026-02-23 17:01:01'),(41,57,'2026-03-12 10:25:51','2026-03-12 10:28:18'),(42,58,'2026-03-12 10:35:51','2026-03-12 10:37:09'),(43,59,'2026-03-24 09:46:52','2026-03-24 11:05:09'),(44,60,'2026-03-24 11:05:52','2026-03-24 11:13:49'),(45,61,'2026-03-24 11:14:53','2026-03-24 11:22:22'),(46,62,'2026-03-24 11:22:47','2026-03-24 11:24:35'),(47,63,'2026-03-24 11:33:16','2026-03-24 11:38:25'),(48,64,'2026-04-08 09:53:14','2026-04-08 09:55:48'),(49,65,'2026-04-12 15:27:40','2026-04-12 15:32:09'),(50,66,'2026-04-24 13:02:04','2026-04-24 13:12:56'),(51,67,'2026-04-24 13:14:03','2026-04-24 13:14:18'),(52,68,'2026-04-24 13:18:09','2026-04-24 13:22:45'),(53,69,'2026-04-30 14:33:58','2026-04-30 14:34:12'),(54,70,'2026-04-30 18:09:45','2026-04-30 18:10:02');
/*!40000 ALTER TABLE `sessions` ENABLE KEYS */;
UNLOCK TABLES;

--
-- Table structure for table `summaries`
--

DROP TABLE IF EXISTS `summaries`;
/*!40101 SET @saved_cs_client     = @@character_set_client */;
/*!50503 SET character_set_client = utf8mb4 */;
CREATE TABLE `summaries` (
  `id` int NOT NULL AUTO_INCREMENT,
  `session_id` int NOT NULL,
  `summary_content` json NOT NULL,
  `created_at` datetime DEFAULT CURRENT_TIMESTAMP,
  PRIMARY KEY (`id`),
  UNIQUE KEY `session_id` (`session_id`),
  CONSTRAINT `fk_summaries_session` FOREIGN KEY (`session_id`) REFERENCES `sessions` (`id`) ON DELETE CASCADE
) ENGINE=InnoDB AUTO_INCREMENT=41 DEFAULT CHARSET=utf8mb4 COLLATE=utf8mb4_unicode_ci;
/*!40101 SET character_set_client = @saved_cs_client */;

--
-- Dumping data for table `summaries`
--

LOCK TABLES `summaries` WRITE;
/*!40000 ALTER TABLE `summaries` DISABLE KEYS */;
INSERT INTO `summaries` VALUES (1,13,'{\"symptoms\": [{\"symptom\": \"headache\", \"duration\": \"3 days\", \"severity\": \"heavy\", \"frequency\": \"about 3 times in 4 hours\"}, {\"symptom\": \"cough\", \"duration\": \"3 days\", \"severity\": \"heavy\", \"frequency\": \"5 times daily\"}, {\"symptom\": \"back pain\", \"duration\": \"3 days\", \"severity\": \"heavy\", \"frequency\": \"3 times daily\"}, {\"symptom\": \"ear pain\", \"duration\": \"3 days\", \"severity\": \"heavy\", \"frequency\": \"twice daily\"}, {\"symptom\": \"leg pain\", \"duration\": \"5 days\", \"severity\": \"heavy\", \"frequency\": \"twice daily\"}], \"current_symptom_index\": 0}','2026-01-02 17:48:21'),(2,15,'{\"symptoms\": [{\"symptom\": \"headache\", \"duration\": null, \"severity\": 5, \"frequency\": null}, {\"symptom\": \"headache\", \"duration\": null, \"severity\": 5, \"frequency\": null}, {\"symptom\": \"headache\", \"duration\": null, \"severity\": 5, \"frequency\": null}], \"current_symptom_index\": 0}','2026-01-02 21:06:53'),(3,16,'{\"symptoms\": [{\"symptom\": \"Pain or pressure in the head or neck\", \"duration\": \"Four\", \"severity\": 4, \"frequency\": \"I have a headache\"}, {\"symptom\": \"Sensitivity to light or sound\", \"duration\": \"3 days\", \"severity\": 4, \"frequency\": \"About 3 times in 4 hours\"}, {\"symptom\": \"Nausea or vomiting\", \"duration\": null, \"severity\": \"Mild\", \"frequency\": null}, {\"symptom\": \"Fatigue or lethargy\", \"duration\": null, \"severity\": null, \"frequency\": null}, {\"symptom\": \"Difficulty concentrating\", \"duration\": null, \"severity\": null, \"frequency\": null}, {\"symptom\": \"Mood changes\", \"duration\": null, \"severity\": null, \"frequency\": null}], \"current_symptom_index\": 0}','2026-01-02 21:08:51'),(4,17,'{\"symptoms\": [{\"symptom\": \"headache\", \"duration\": \"3 days\", \"severity\": \"mild\", \"frequency\": \"twice\"}, {\"symptom\": \"cough\", \"duration\": \"4 days\", \"severity\": \"heavy\", \"frequency\": \"every hour\"}], \"current_symptom_index\": 0}','2026-01-31 14:47:52'),(5,19,'{\"symptoms\": [{\"symptom\": \"cough\", \"duration\": 5, \"severity\": \"heavy\", \"frequency\": null}], \"current_symptom_index\": 0}','2026-01-31 15:07:29'),(6,20,'{\"symptoms\": [{\"symptom\": \"headache\", \"duration\": 3, \"severity\": \"heavy\", \"frequency\": \"every 3 days\"}], \"current_symptom_index\": 0}','2026-01-31 15:09:20'),(7,21,'{\"symptoms\": [{\"symptom\": \"headache\", \"duration\": \"3 days\", \"severity\": \"heavy\", \"frequency\": \"every hour\"}, {\"symptom\": \"cough\", \"duration\": \"6 days\", \"severity\": \"heavy\", \"frequency\": \"every 2 hours\"}], \"current_symptom_index\": 0}','2026-01-31 15:10:45'),(8,22,'{\"symptoms\": [{\"symptom\": \"headache\", \"duration\": \"3 days\", \"severity\": \"mild\", \"frequency\": \"twice a day\"}, {\"symptom\": \"\", \"duration\": \"\", \"severity\": \"\", \"frequency\": \"\"}], \"current_symptom_index\": 0}','2026-01-31 22:13:56'),(9,23,'{\"symptoms\": [{\"symptom\": \"headache\", \"duration\": \"3 days\", \"severity\": \"mild\", \"frequency\": \"every time\"}, {\"symptom\": \"cough\", \"duration\": \"3 days\", \"severity\": \"very intense\", \"frequency\": \"every time\"}, {\"symptom\": \"ear pain\", \"duration\": \"3 days\", \"severity\": \"unknown\", \"frequency\": \"unknown\"}, {\"symptom\": \"ear pain\", \"duration\": \"3 days\", \"severity\": \"unknown\", \"frequency\": \"unknown\"}, {\"symptom\": \"headache\", \"duration\": \"3 days\", \"severity\": \"mild\", \"frequency\": \"every time\"}, {\"symptom\": \"cough\", \"duration\": \"3 days\", \"severity\": \"very intense\", \"frequency\": \"every time\"}, {\"symptom\": \"ear pain\", \"duration\": \"3 days\", \"severity\": \"unknown\", \"frequency\": \"unknown\"}], \"current_symptom_index\": 0}','2026-01-31 22:29:15'),(10,24,'{\"symptoms\": [{\"symptom\": \"cough\", \"duration\": \"3 days\", \"severity\": \"heavy\", \"frequency\": \"twice daily\"}, {\"symptom\": \"headache\", \"duration\": \"\", \"severity\": \"mild\", \"frequency\": \"\"}], \"current_symptom_index\": 0}','2026-01-31 22:36:15'),(11,25,'{\"symptoms\": [{\"symptom\": \"headache\", \"duration\": \"3 days\", \"severity\": \"really bad\", \"frequency\": \"every hour\"}, {\"symptom\": \"cough\", \"duration\": \"3 weeks\", \"severity\": \"mild\", \"frequency\": \"twice daily\"}, {\"symptom\": \"ear pain\", \"duration\": \"3 days\", \"severity\": \"really bad\", \"frequency\": \"every hour\"}, {\"symptom\": \"tooth ache\", \"duration\": \"unknown\", \"severity\": \"unknown\", \"frequency\": \"unknown\"}], \"current_symptom_index\": 0}','2026-01-31 22:42:07'),(12,26,'{\"symptoms\": [{\"symptom\": \"headache\", \"duration\": \"2 days\", \"severity\": \"mild\", \"frequency\": \"constant\"}, {\"symptom\": \"cough\", \"duration\": \"3 days\", \"severity\": \"mild\", \"frequency\": \"constant\"}, {\"symptom\": \"worsening with exercise\", \"duration\": \"10\", \"severity\": \"constant\", \"frequency\": \"constant\"}, {\"symptom\": \"diarrhoea\", \"duration\": \"4 hours\"}, {\"symptom\": \"watery\"}, {\"symptom\": \"bloody feet\"}]}','2026-01-31 23:00:41'),(13,27,'{\"symptoms\": [{\"symptom\": \"headache\", \"duration\": \"2 days\", \"severity\": \"mild\", \"frequency\": \"constant\"}]}','2026-01-31 23:17:01'),(14,28,'{\"symptoms\": [{\"symptom\": \"headache\", \"duration\": null, \"severity\": \"mild\", \"frequency\": null}, {\"symptom\": \"ear pain\", \"duration\": null, \"severity\": null, \"frequency\": null}]}','2026-01-31 23:22:17'),(15,29,'{\"symptoms\": [{\"symptom\": \"headache\", \"duration\": \"3 months\", \"severity\": 4, \"frequency\": \"Daily\"}, {\"symptom\": \"cough\", \"duration\": \"3 months\", \"severity\": 6, \"frequency\": \"Daily\"}, {\"symptom\": \"ear pain\", \"duration\": \"3 months\", \"severity\": 5, \"frequency\": \"Daily\"}]}','2026-01-31 23:30:05'),(16,30,'{\"symptoms\": [{\"symptom\": \"headache\", \"duration\": \"3 days\", \"severity\": \"6/10\", \"frequency\": \"Twice a day\"}, {\"symptom\": \"cough\", \"duration\": \"Three months\", \"severity\": \"6/10\", \"frequency\": \"Twice weekly\"}]}','2026-01-31 23:39:18'),(17,31,'{\"symptoms\": [{\"symptom\": \"headache\", \"duration\": \"2 months\", \"severity\": \"7/10\", \"frequency\": \"Every 30min\"}, {\"symptom\": \"ear pain\", \"duration\": \"3 weeks\", \"severity\": \"5/10\", \"frequency\": \"Every day\"}, {\"symptom\": \"cough\", \"duration\": \"2 years\", \"severity\": \"mild\", \"frequency\": \"Every half hour\"}]}','2026-01-31 23:44:54'),(18,32,'{\"symptoms\": [{\"symptom\": \"headache\", \"duration\": \"2 weeks\", \"severity\": \"3/10\", \"frequency\": \"twice daily\"}, {\"symptom\": \"cough\", \"duration\": \"3 months\", \"severity\": \"7/10\", \"frequency\": \"twice daily\"}]}','2026-02-02 12:08:36'),(19,33,'{\"symptoms\": [{\"symptom\": \"fatigue\", \"duration\": \"7 days\", \"severity\": \"8/10\", \"frequency\": \"majority of the day\"}, {\"symptom\": \"headaches\", \"duration\": \"5 days\", \"severity\": \"7/10\", \"frequency\": \"twice a day\"}]}','2026-02-03 22:55:51'),(20,34,'{\"symptoms\": [{\"symptom\": \"headache\", \"duration\": \"3 days\", \"severity\": \"5/10\", \"frequency\": \"Twice every 3 hours\"}]}','2026-02-04 00:39:38'),(21,35,'{\"symptoms\": [{\"symptom\": \"headache\", \"duration\": \"3 days\", \"severity\": \"6/10\", \"frequency\": \"Twice daily\"}]}','2026-02-19 14:07:20'),(22,36,'{\"symptoms\": [{\"symptom\": \"headache\", \"duration\": \"three days\", \"severity\": \"7/10\", \"frequency\": \"two times every day\"}]}','2026-02-19 15:05:43'),(23,37,'{\"symptoms\": [{\"symptom\": \"headache\", \"duration\": \"4 days\", \"severity\": \"6/10\", \"frequency\": \"Every hour\"}, {\"symptom\": \"cough\", \"duration\": \"3 weeks\", \"severity\": \"6/10\", \"frequency\": \"Every hour\"}]}','2026-02-19 15:20:21'),(24,38,'{\"symptoms\": [{\"symptom\": \"headache\", \"duration\": \"3 weeks\", \"severity\": \"6/10\", \"frequency\": \"twice weekly\"}, {\"symptom\": \"nosebleed\", \"duration\": \"1 day\", \"severity\": \"4/10\", \"frequency\": \"once\"}]}','2026-02-19 15:36:53'),(25,39,'{\"symptoms\": [{\"symptom\": \"cough\", \"duration\": \"2months\", \"severity\": \"6/10\", \"frequency\": \"twice daily\"}, {\"symptom\": \"headache\", \"duration\": \"3weeks\", \"severity\": \"5/10\", \"frequency\": \"twice an hour\"}]}','2026-02-19 15:58:53'),(26,40,'{\"symptoms\": [{\"symptom\": \"headache\", \"duration\": \"2 weeks\", \"severity\": \"10/10\", \"frequency\": \"twice daily\"}, {\"symptom\": \"cough\", \"duration\": \"2 weeks\", \"severity\": \"10/10\", \"frequency\": \"every day\"}]}','2026-02-23 16:59:03'),(27,41,'{\"symptoms\": [{\"symptom\": \"headache\", \"duration\": null, \"severity\": \"10/10\", \"frequency\": null}]}','2026-03-12 10:26:14'),(28,42,'{\"symptoms\": [{\"symptom\": \"headache\", \"duration\": \"3 weeks\", \"severity\": \"10/10\", \"frequency\": \"twice every week on Saturday\"}]}','2026-03-12 10:36:02'),(29,43,'{\"symptoms\": [{\"symptom\": \"Headache\", \"duration\": \"Two weeks\", \"severity\": \"5/10\", \"frequency\": \"twice daily\"}, {\"symptom\": \"Cough\", \"duration\": \"Three days\", \"severity\": \"5/10\", \"frequency\": \"twice daily\"}, {\"symptom\": \"Cat allergy\", \"duration\": null, \"severity\": \"2/10\", \"frequency\": null}, {\"symptom\": \"Back pain\", \"duration\": \"Three months\", \"severity\": \"5/10\", \"frequency\": \"three times daily\"}]}','2026-03-24 10:47:27'),(30,44,'{\"symptoms\": [{\"symptom\": \"headache\", \"duration\": \"3 months\", \"severity\": \"5/10\", \"frequency\": \"Every hour\"}, {\"symptom\": \"cough\", \"duration\": \"4 years\", \"severity\": \"10/10\", \"frequency\": \"5 times a day\"}, {\"symptom\": \"back pain\", \"duration\": \"3 weeks\", \"severity\": \"5/10\", \"frequency\": \"5 times a day\"}, {\"symptom\": \"leg pain\", \"duration\": \"2 weeks\", \"severity\": \"5/10\", \"frequency\": \"Every 10hrs\"}]}','2026-03-24 11:06:05'),(31,45,'{\"symptoms\": [{\"symptom\": \"diarrhoea\", \"duration\": \"3 weeks\", \"severity\": \"5/10\", \"frequency\": \"Everyday\"}, {\"symptom\": \"muscle pain\", \"duration\": \"4 weeks\", \"severity\": \"5/10\", \"frequency\": \"Every evening\"}, {\"symptom\": \"cough\", \"duration\": \"2 weeks\", \"severity\": \"10/10\", \"frequency\": null}]}','2026-03-24 11:15:14'),(32,46,'{\"symptoms\": [{\"symptom\": \"headache\", \"duration\": \"3 months\", \"severity\": \"10/10\", \"frequency\": \"Everyday\"}, {\"symptom\": \"cough\", \"duration\": \"4 weeks\", \"severity\": \"10/10\", \"frequency\": \"Every morning and worse in the evening\"}, {\"symptom\": \"arm pain\", \"duration\": \"3 weeks\", \"severity\": \"10/10\", \"frequency\": \"5 times a day on my left arm\"}]}','2026-03-24 11:23:00'),(33,47,'{\"symptoms\": [{\"symptom\": \"headache\", \"duration\": null, \"severity\": null, \"frequency\": null}, {\"symptom\": \"cough\", \"duration\": \"2 months\", \"severity\": \"6/10\", \"frequency\": \"3 times a month\"}, {\"symptom\": \"ear itch\", \"duration\": \"2 weeks\", \"severity\": \"5/10\", \"frequency\": \"5 times a day\"}]}','2026-03-24 11:33:28'),(34,48,'{\"symptoms\": [{\"symptom\": \"headache\", \"duration\": \"3 months\", \"severity\": \"10/10\", \"frequency\": \"Twice every two weeks\"}, {\"symptom\": \"cough\", \"duration\": \"2 days\", \"severity\": \"5/10\", \"frequency\": \"Every day\"}, {\"symptom\": \"back ache\", \"duration\": \"3 months\", \"severity\": \"10/10\", \"frequency\": \"Twice every week\"}]}','2026-04-08 09:53:23'),(35,49,'{\"symptoms\": [{\"symptom\": \"headache\", \"duration\": \"3 weeks\", \"severity\": \"7/10\", \"frequency\": \"Twice a day\"}, {\"symptom\": \"ankle injury\", \"duration\": \"3 days\", \"severity\": \"8/10\", \"frequency\": \"Once\"}]}','2026-04-12 15:28:13'),(36,50,'{\"symptoms\": [{\"symptom\": \"headache\", \"duration\": \"5 years\", \"severity\": \"10/10\", \"frequency\": \"Everytime\"}, {\"symptom\": \"cough\", \"duration\": \"5 months\", \"severity\": \"7/10\", \"frequency\": \"Every day\"}, {\"symptom\": \"leg pain\", \"duration\": \"About a month\", \"severity\": \"Severe\", \"frequency\": \"Every day\"}]}','2026-04-24 13:02:42'),(37,51,'{\"symptoms\": [{\"symptom\": \"headache\", \"duration\": null, \"severity\": null, \"frequency\": null}]}','2026-04-24 13:14:12'),(38,52,'{\"symptoms\": [{\"symptom\": \"headache\", \"duration\": \"2 years\", \"severity\": \"6/10\", \"frequency\": \"Twice daily\"}, {\"symptom\": \"cough\", \"duration\": \"4 weeks\", \"severity\": \"10/10\", \"frequency\": \"Every day\"}, {\"symptom\": \"back pain\", \"duration\": \"3 days\", \"severity\": \"5/10\", \"frequency\": \"Every day\"}]}','2026-04-24 13:18:16'),(39,53,'{\"symptoms\": [{\"symptom\": \"headache\", \"duration\": null, \"severity\": null, \"frequency\": null}]}','2026-04-30 14:34:06'),(40,54,'{\"symptoms\": [{\"symptom\": \"headache\", \"duration\": null, \"severity\": null, \"frequency\": null}, {\"symptom\": \"cough\", \"duration\": null, \"severity\": null, \"frequency\": null}]}','2026-04-30 18:09:56');
/*!40000 ALTER TABLE `summaries` ENABLE KEYS */;
UNLOCK TABLES;

--
-- Table structure for table `users`
--

DROP TABLE IF EXISTS `users`;
/*!40101 SET @saved_cs_client     = @@character_set_client */;
/*!50503 SET character_set_client = utf8mb4 */;
CREATE TABLE `users` (
  `id` int NOT NULL AUTO_INCREMENT,
  `full_name` varchar(100) COLLATE utf8mb4_unicode_ci DEFAULT NULL,
  `email` varchar(100) COLLATE utf8mb4_unicode_ci DEFAULT NULL,
  `created_at` datetime DEFAULT CURRENT_TIMESTAMP,
  PRIMARY KEY (`id`),
  UNIQUE KEY `email` (`email`)
) ENGINE=InnoDB DEFAULT CHARSET=utf8mb4 COLLATE=utf8mb4_unicode_ci;
/*!40101 SET character_set_client = @saved_cs_client */;

--
-- Dumping data for table `users`
--

LOCK TABLES `users` WRITE;
/*!40000 ALTER TABLE `users` DISABLE KEYS */;
/*!40000 ALTER TABLE `users` ENABLE KEYS */;
UNLOCK TABLES;
/*!40103 SET TIME_ZONE=@OLD_TIME_ZONE */;

/*!40101 SET SQL_MODE=@OLD_SQL_MODE */;
/*!40014 SET FOREIGN_KEY_CHECKS=@OLD_FOREIGN_KEY_CHECKS */;
/*!40014 SET UNIQUE_CHECKS=@OLD_UNIQUE_CHECKS */;
/*!40101 SET CHARACTER_SET_CLIENT=@OLD_CHARACTER_SET_CLIENT */;
/*!40101 SET CHARACTER_SET_RESULTS=@OLD_CHARACTER_SET_RESULTS */;
/*!40101 SET COLLATION_CONNECTION=@OLD_COLLATION_CONNECTION */;
/*!40111 SET SQL_NOTES=@OLD_SQL_NOTES */;

-- Dump completed on 2026-05-01 20:48:57
